위도,경도,명칭,주소,전화번호,행정동,담당부서,기준일자
35.85117961,128.5694405,삼성노인회관,대구광역시 달서구 성당로33안길 23(성당동),053-651-1808,성당동,대구광역시 달서구 어르신장애인과,2024-05-17
35.83980358,128.5562749,성당동제1경로당,대구광역시 달서구 대명천로12안길 47(성당동),053-627-3364 ,성당동,대구광역시 달서구 어르신장애인과,2024-05-17
35.84935967,128.5692835,성당에덴타운,"대구광역시 달서구 성당로33길 16(성당동,성당에덴)",053-628-8868,성당동,대구광역시 달서구 어르신장애인과,2024-05-17
35.84410202,128.5545227,성당,대구광역시 달서구 장기로10안길 15(성당동),053-623-9926,성당동,대구광역시 달서구 어르신장애인과,2024-05-17
35.84428745,128.5475166,우방라일락아파트노인정,"대구광역시 달서구 장기로26길 30(성당동,라일락)",053-621-8380,성당동,대구광역시 달서구 어르신장애인과,2024-05-17
35.8409939,128.5502945,성당동제2경로당,대구광역시 달서구 야외음악당로9길 45(성당동),053-629-7981,성당동,대구광역시 달서구 어르신장애인과,2024-05-17
35.8470705,128.5479675,원화경로당,대구광역시 달서구 장기로26길 81(성당동),053-653-9621,성당동,대구광역시 달서구 어르신장애인과,2024-05-17
35.8378257,128.5512799,대한민국상이군경회 달서구지회,대구광역시 달서구 야외음악당로2길 25(성당동),053-651-9300,성당동,대구광역시 달서구 어르신장애인과,2024-05-17
35.84314371,128.5473095,성당포스코더샾,"대구광역시 달서구 장기로 115(성당동,성당동더샾)",053-657-2800,성당동,대구광역시 달서구 어르신장애인과,2024-05-17
35.84267072,128.5462767,성당래미안e편한세상3단지,"대구광역시 달서구 장기로 127(성당동,성당래미안e편한세상)",053-291-3331,성당동,대구광역시 달서구 어르신장애인과,2024-05-17
35.84489764,128.546137,성당두산위브,"대구광역시 달서구 당산로 82(성당동,두산위브) ",053-266-7270,성당동,대구광역시 달서구 어르신장애인과,2024-05-17
35.83770303,128.5524745,성당동제3경로당,대구광역시 달서구 야외음악당로2길 3(성당동),053-622-0060,성당동,대구광역시 달서구 어르신장애인과,2024-05-17
35.85648872,128.5712722,두류1동경로당,대구광역시 달서구 두류남6길 16(두류동),053-626-0095,두류1.2동,대구광역시 달서구 어르신장애인과,2024-05-17
35.85908967,128.5644815,신호경로당,대구광역시 달서구 야외음악당로47길 158(두류동),053-626-7513,두류1.2동,대구광역시 달서구 어르신장애인과,2024-05-17
35.85775431,128.5609401,대성,대구광역시 달서구 야외음악당로49길 50,053-653-8979,두류1.2동,대구광역시 달서구 어르신장애인과,2024-05-17
35.85965126,128.5696119,신촌경로당,대구광역시 달서구 밤골4길 17(두류동),053-627-1251,두류1.2동,대구광역시 달서구 어르신장애인과,2024-05-17
35.85729712,128.5661628,두류보성맨션노인정,대구광역시 달서구 두류6길 9,053-627-4214,두류1.2동,대구광역시 달서구 어르신장애인과,2024-05-17
35.85183459,128.5527499,금봉경로당,대구광역시 달서구 야외음악당로39서길 91-10(두류동),053-627-3085,두류3동,대구광역시 달서구 어르신장애인과,2024-05-17
35.85414356,128.5543603,삼정그린빌,대구광역시 달서구 야외음악당로39길 54,053-621-0144,두류3동,대구광역시 달서구 어르신장애인과,2024-05-17
35.85414356,128.5543603,두류3동,대구광역시 달서구 야외음악당로39길 54(두류동),053-629-3010,두류3동,대구광역시 달서구 어르신장애인과,2024-05-17
35.83797551,128.5421488,아카시아노인정,대구광역시 달서구 대명천로 153,053-527-4994,본리동,대구광역시 달서구 어르신장애인과,2024-05-17
35.83762636,128.5456,성당우방아파트,대구광역시 달서구 구마로 171,053-290-6686,본리동,대구광역시 달서구 어르신장애인과,2024-05-17
35.84311909,128.5388186,삼리경로당,대구광역시 달서구 와룡로24길 31,053-526-9919,본리동,대구광역시 달서구 어르신장애인과,2024-05-17
35.83930518,128.5330588,구마아파트경노당,대구광역시 달서구 대명천로51길 56,053-521-3443,본리동,대구광역시 달서구 어르신장애인과,2024-05-17
35.8432009,128.5426605,성당래미안e편한세상2단지,대구광역시 달서구 장기로 145,053-565-2296,본리동,대구광역시 달서구 어르신장애인과,2024-05-17
35.83903418,128.5471926,본리롯데캐슬1차,대구광역시 달서구 대명천로 101,053-625-0244,본리동,대구광역시 달서구 어르신장애인과,2024-05-17
35.84208168,128.5410145,성당래미안E편한세상1단지경로당,대구광역시 달서구 장기로 189,053-568-1801,본리동,대구광역시 달서구 어르신장애인과,2024-05-17
35.83910479,128.5455437,본리동롯데캐슬2차아파트노인정,대구광역시 달서구 대명천로 119,053-655-9200,본리동,대구광역시 달서구 어르신장애인과,2024-05-17
35.83954704,128.5313668,본리경로당,대구광역시 달서구 용산로4안길 23(본리동),053-525-1133,본리동,대구광역시 달서구 어르신장애인과,2024-05-17
35.85097342,128.5419829,대한노인회달서구수림분회,대구광역시 달서구 감삼길 71-18(감삼동),053-554-8223,감삼동,대구광역시 달서구 어르신장애인과,2024-05-17
35.84791714,128.5441429,감삼제1,대구광역시 달서구 감삼남6길 41-1(감삼동),070-8911-1660,감삼동,대구광역시 달서구 어르신장애인과,2024-05-17
35.84560986,128.538127,감삼제2경로당,대구광역시 달서구 감삼1길 96(감삼동),053-294-9998,감삼동,대구광역시 달서구 어르신장애인과,2024-05-17
35.84441409,128.5334252,우방드림시티,대구광역시 달서구 장기로 242,053-522-0563,감삼동,대구광역시 달서구 어르신장애인과,2024-05-17
35.84443764,128.5422372,성당코오롱하늘채,대구광역시 달서구 장기로 160,053-555-8988,감삼동,대구광역시 달서구 어르신장애인과,2024-05-17
35.85346117,128.547912,감삼우방타운,대구광역시 달서구 당산로 187(감삼동),053-564-5200,감삼동,대구광역시 달서구 어르신장애인과,2024-05-17
35.84872724,128.5363879,월드마크,"대구광역시 달서구 와룡로 169(감삼동,월드마스크웨스트엔드)",053-521-9662,감삼동,대구광역시 달서구 어르신장애인과,2024-05-17
35.84934214,128.5339233,삼정브리티시용산,대구광역시 달서구 달구벌대로 1530,000-000-0000,감삼동,대구광역시 달서구 어르신장애인과,2024-05-17
35.85193376,128.5468497,감삼제3경로당,대구광역시 달서구 달구벌대로330길 31(감삼동),000-000-0000,감삼동,대구광역시 달서구 어르신장애인과,2024-05-17
35.85407605,128.541528,청실아파트경로당,"대구광역시 달서구 달구벌대로323길 39(감삼동,청실아파트)",053-558-0300,죽전동,대구광역시 달서구 어르신장애인과,2024-05-17
35.85483006,128.5442014,농림경노당,대구광역시 달서구 당산로41서길 22-5(감삼동),053-554-2508,죽전동,대구광역시 달서구 어르신장애인과,2024-05-17
35.85697508,128.5342182,죽전그린빌경로당,"대구광역시 달서구 와룡로53길 40(죽전동,죽전그린빌)",053-552-0848,죽전동,대구광역시 달서구 어르신장애인과,2024-05-17
35.85739126,128.5378968,죽전,대구광역시 달서구 와룡로52안길 45(죽전동),053-295-9377,죽전동,대구광역시 달서구 어르신장애인과,2024-05-17
35.8551821,128.5360883,춘추경로당,대구광역시 달서구 와룡로49길 18-17,053-558-3464,죽전동,대구광역시 달서구 어르신장애인과,2024-05-17
35.85262612,128.5392595,죽전동화로즈빌노인정,"대구광역시 달서구 죽전1길 82(죽전동,동화로즈빌)",053-263-0693,죽전동,대구광역시 달서구 어르신장애인과,2024-05-17
35.84700443,128.5265125,영남네오빌파크,대구광역시 달서구 한들로 36,053-261-4775,장기동,대구광역시 달서구 어르신장애인과,2024-05-17
35.84229046,128.5326361,비스타,대구광역시 달서구 대명천로 250,000-000-0000,장기동,대구광역시 달서구 어르신장애인과,2024-05-17
35.84526756,128.532025,장기주공아파트,대구광역시 달서구 용산로 88,053-263-1214,장기동,대구광역시 달서구 어르신장애인과,2024-05-17
35.84791247,128.5208503,장기동경로당,대구광역시 달서구 문화회관2길 18(장기동),053-584-5888,장기동,대구광역시 달서구 어르신장애인과,2024-05-17
35.84313244,128.5358409,궁전경로당,대구광역시 달서구 장기로 221-6,053-522-2260,장기동,대구광역시 달서구 어르신장애인과,2024-05-17
35.84486164,128.5300629,장기초록나라,대구광역시 달서구 한들로 55,053-525-4567,장기동,대구광역시 달서구 어르신장애인과,2024-05-17
35.84660805,128.5264656,장기파랑새마을입주자대표회의,대구광역시 달서구 한들로 70,053-525-0731,장기동,대구광역시 달서구 어르신장애인과,2024-05-17
35.8384107,128.5170909,장동경로당,대구광역시 달서구 성서공단로61길 45(장기동),053-586-1417,장기동,대구광역시 달서구 어르신장애인과,2024-05-17
35.8470131,128.5286381,장기누림타운관리사무소,대구광역시 달서구 한들로 31,053-573-0812,장기동,대구광역시 달서구 어르신장애인과,2024-05-17
35.84751618,128.5166188,능골경로당,대구광역시 달서구 성서동로60길 16(장기동),000-000-0000,장기동,대구광역시 달서구 어르신장애인과,2024-05-17
35.85001605,128.5262446,용산롯데캐슬그랜드,대구광역시 달서구 장산남로 33,053-284-3888,용산1동,대구광역시 달서구 어르신장애인과,2024-05-17
35.85436171,128.5300488,용산1차서한화성,대구광역시 달서구 장산로 10,053-572-9980,용산1동,대구광역시 달서구 어르신장애인과,2024-05-17
35.85822089,128.5317464,용산경로당,대구광역시 달서구 와룡로57길 100(용산동),053-557-5844,용산1동,대구광역시 달서구 어르신장애인과,2024-05-17
35.8527355,128.5309125,용산우방,대구광역시 달서구 용산로 174,053-561-9480,용산1동,대구광역시 달서구 어르신장애인과,2024-05-17
35.84986759,128.5312919,우방죽전타운,대구광역시 달서구 용산로 160,053-562-2403,용산1동,대구광역시 달서구 어르신장애인과,2024-05-17
35.8562021,128.5276253,용산우방미진태왕타운,대구광역시 달서구 용산서로 21,053-521-9790,용산1동,대구광역시 달서구 어르신장애인과,2024-05-17
35.85438128,128.5276574,용산동서우방,대구광역시 달서구 장산로 20,053-524-3354,용산1동,대구광역시 달서구 어르신장애인과,2024-05-17
35.85907574,128.5279876,용산2차서한화성,대구광역시 달서구 용산큰못길 30,053-556-1888,용산1동,대구광역시 달서구 어르신장애인과,2024-05-17
35.86057949,128.5323933,용산영남타운,대구광역시 달서구 용산로 266,053-281-7219,용산1동,대구광역시 달서구 어르신장애인과,2024-05-17
35.857885,128.5261639,용산2차우방타운,대구광역시 달서구 용산서로 38,053-524-2747,용산1동,대구광역시 달서구 어르신장애인과,2024-05-17
35.85620374,128.5292971,용산세광타운2차타운경로당,대구광역시 달서구 용산서로 9,053-521-7156,용산1동,대구광역시 달서구 어르신장애인과,2024-05-17
35.85907713,128.5297149,용산현대우방타운,대구광역시 달서구 용산로 253,053-281-9969,용산1동,대구광역시 달서구 어르신장애인과,2024-05-17
35.85631474,128.5266074,용산보성타운노인정,"대구광역시 달서구 용산서로 37(용산동,용산보성타운)",053-283-7165,용산1동,대구광역시 달서구 어르신장애인과,2024-05-17
35.8578244,128.5276471,용산청구타운경로당,"대구광역시 달서구 용산서로 22(용산동,용산청구타운)",053-521-7192,용산1동,대구광역시 달서구 어르신장애인과,2024-05-17
35.85908412,128.5322061,용산청구블루빌타운,"대구광역시 달서구 용산로 254(용산동,용산블루빌타운)",053-525-0344,용산1동,대구광역시 달서구 어르신장애인과,2024-05-17
35.86060121,128.5295257,용산파크타운경로당,"대구광역시 달서구 용산로 259(용산동,용산파크타운)",053-525-4660,용산1동,대구광역시 달서구 어르신장애인과,2024-05-17
35.85598189,128.5285095,용산제2,대구광역시 달서구 용산로 205(용산동),000-000-0000,용산1동,대구광역시 달서구 어르신장애인과,2024-05-17
35.85239115,128.533357,용전경로당,대구광역시 달서구 와룡로43길 66-7(용산동),070-8196-8899,용산2동,대구광역시 달서구 어르신장애인과,2024-05-17
35.8614499,128.5209723,서촌경로당,대구광역시 달서구 새방로 23-16(용산동),053-581-0360,용산2동,대구광역시 달서구 어르신장애인과,2024-05-17
35.85114028,128.5164431,성서용산,"대구광역시 달서구 성서동로 350(용산동,동화평광협화타운)",053-586-2322,용산2동,대구광역시 달서구 어르신장애인과,2024-05-17
35.85102419,128.5182801,성서보람타운,대구광역시 달서구 새동네로 34,053-585-1569,용산2동,대구광역시 달서구 어르신장애인과,2024-05-17
35.85406527,128.5174474,성서1차영남우방타운노인정,"대구광역시 달서구 성지로 11(용산동,성서영남우방)",053-583-9723,용산2동,대구광역시 달서구 어르신장애인과,2024-05-17
35.85545059,128.520158,성서청구타운노인정,"대구광역시 달서구 성지로 75(용산동,성서청구)",053-582-5958,용산2동,대구광역시 달서구 어르신장애인과,2024-05-17
35.85703549,128.5225599,새동네경로당,대구광역시 달서구 성지로16길 45(용산동),053-581-2072,용산2동,대구광역시 달서구 어르신장애인과,2024-05-17
35.86028574,128.5171447,성서2차보성,대구광역시 달서구 선원로 241,053-588-5847,용산2동,대구광역시 달서구 어르신장애인과,2024-05-17
35.8573415,128.5205911,성서주공5,대구광역시 달서구 선원남로 181,053-587-3135,용산2동,대구광역시 달서구 어르신장애인과,2024-05-17
35.85397217,128.5202147,성서주공6-1,대구광역시 달서구 성지로 35,053-588-1332,용산2동,대구광역시 달서구 어르신장애인과,2024-05-17
35.85262232,128.5176373,성서주공7경로당,"대구광역시 달서구 성지로 12(용산동,성서주공7)",053-583-1710,용산2동,대구광역시 달서구 어르신장애인과,2024-05-17
35.85260937,128.5206265,성서주공8,대구광역시 달서구 성지로 42,053-587-5014,용산2동,대구광역시 달서구 어르신장애인과,2024-05-17
35.85552528,128.5174791,성서2차영남우방,대구광역시 달서구 이곡공원로 83,053-585-3888,용산2동,대구광역시 달서구 어르신장애인과,2024-05-17
35.8574009,128.517281,한마음타운,대구광역시 달서구 선원남로 151,053-587-6761,용산2동,대구광역시 달서구 어르신장애인과,2024-05-17
35.85397217,128.5202147,성서주공6,대구광역시 달서구 성지로 35,053-585-9458,용산2동,대구광역시 달서구 어르신장애인과,2024-05-17
35.85008323,128.5128271,성서,대구광역시 달서구 성서로72길 97-13(이곡동),053-584-8958,이곡1동,대구광역시 달서구 어르신장애인과,2024-05-17
35.85286261,128.512059,성서와룡타운노인정,"대구광역시 달서구 이곡동로 32(이곡동,와룡타운)",053-584-5355,이곡1동,대구광역시 달서구 어르신장애인과,2024-05-17
35.85139875,128.5129241,성서4주공아파트노인정,"대구광역시 달서구 성서동로 355-27(이곡동, 성서4주공아파트)",053-585-4495,이곡1동,대구광역시 달서구 어르신장애인과,2024-05-17
35.85568317,128.5121989,성서동서화성타운아파트경로당,"대구광역시 달서구 이곡공원로 33(이곡동,성서동서화성)",053-587-1616,이곡1동,대구광역시 달서구 어르신장애인과,2024-05-17
35.85755161,128.5094541,성서한샘타운,대구광역시 달서구 선원남로 77,053-284-3898,이곡1동,대구광역시 달서구 어르신장애인과,2024-05-17
35.85996425,128.5080191,성서푸른마을,대구광역시 달서구 선원로 137,053-585-7410,이곡1동,대구광역시 달서구 어르신장애인과,2024-05-17
35.8529545,128.5137535,성서화성타운2차아파트노인정,"대구광역시 달서구 성서동로 355-20(이곡동,성서2차화성타운)",053-587-9965,이곡1동,대구광역시 달서구 어르신장애인과,2024-05-17
35.85928041,128.5119785,성서무지개타운,"대구광역시 달서구 선원로 171(이곡동,한라무지개타운)",053-583-3963,이곡1동,대구광역시 달서구 어르신장애인과,2024-05-17
35.8574945,128.512277,한빛마을노인회,"대구광역시 달서구 선원남로 99(이곡동,한빛마을)",053-585-7093,이곡1동,대구광역시 달서구 어르신장애인과,2024-05-17
35.8557268,128.508302,이곡경로당,대구광역시 달서구 이곡공원로1길 7(이곡동),053-586-6681,이곡1동,대구광역시 달서구 어르신장애인과,2024-05-17
35.85086865,128.5104187,율지,대구광역시 달서구 달구벌대로 1312-8(이곡동),053-583-2469,이곡1동,대구광역시 달서구 어르신장애인과,2024-05-17
35.85596723,128.5132194,동서3차동서타운관리사무소,대구광역시 달서구 이곡공원로 49,053-586-7471,이곡1동,대구광역시 달서구 어르신장애인과,2024-05-17
35.86156442,128.5132334,늘품경로당,대구광역시 달서구 선원로33길 79-8(이곡동) ,053-588-2351,이곡1동,대구광역시 달서구 어르신장애인과,2024-05-17
35.85238901,128.50042,대백창신한라,대구광역시 달서구 성서서로 316,053-585-7640,이곡2동,대구광역시 달서구 어르신장애인과,2024-05-17
35.85566336,128.5041165,성서보성화성타운노인정,"대구광역시 달서구 계대동문로 99(이곡동,성서보성화성타운)",053-582-2352,이곡2동,대구광역시 달서구 어르신장애인과,2024-05-17
35.85406557,128.5003974,청남타운경로당,대구광역시 달서구 성서서로 330,053-585-5596,이곡2동,대구광역시 달서구 어르신장애인과,2024-05-17
35.8557797,128.5064533,성서우방,대구광역시 달서구 계대동문로 123,053-583-8332,이곡2동,대구광역시 달서구 어르신장애인과,2024-05-17
35.85760238,128.5038409,동서서한,대구광역시 달서구 선원로 100,053-581-3411,이곡2동,대구광역시 달서구 어르신장애인과,2024-05-17
35.85887818,128.5048123,이곡서한2차,대구광역시 달서구 선원로 122,053-585-9490,이곡2동,대구광역시 달서구 어르신장애인과,2024-05-17
35.85969973,128.5023484,배실경로당,대구광역시 달서구 선원로23남길 54(이곡동),053-583-2394,이곡2동,대구광역시 달서구 어르신장애인과,2024-05-17
35.85292679,128.5032909,사령봉경로당,대구광역시 달서구 달구벌대로245길 17-12(이곡동) ,053-591-5484,이곡2동,대구광역시 달서구 어르신장애인과,2024-05-17
35.86175409,128.5046534,이곡2동경로당,대구광역시 달서구 선원로23길 77(이곡동),000-000-0000,이곡2동,대구광역시 달서구 어르신장애인과,2024-05-17
35.85125959,128.4835295,호림경로당,대구광역시 달서구 호산동로35길 42-10(호산동),053-591-9893,신당동,대구광역시 달서구 어르신장애인과,2024-05-17
35.85355328,128.4779634,산호경로당,대구광역시 달서구 달구벌대로203길 3(신당동),053-582-4770,신당동,대구광역시 달서구 어르신장애인과,2024-05-17
35.85678566,128.4965283,신당경로당,대구광역시 달서구 서당로12길 15,053-587-0059,신당동,대구광역시 달서구 어르신장애인과,2024-05-17
35.85428305,128.4936008,삼우경로당,대구광역시 달서구 서당로7길 33-16,053-582-5044,신당동,대구광역시 달서구 어르신장애인과,2024-05-17
35.8538435,128.497451,성서주공2,대구광역시 달서구 신당로 55,053-585-3065,신당동,대구광역시 달서구 어르신장애인과,2024-05-17
35.8578212,128.4967673,오정경로당,대구광역시 달서구 성서서로73길 57(신당동),053-592-0067,신당동,대구광역시 달서구 어르신장애인과,2024-05-17
35.85842521,128.498908,와룡경로당,대구광역시 달서구 성서서로75길 17-7(신당동) ,053-585-2823,신당동,대구광역시 달서구 어르신장애인과,2024-05-17
35.85276593,128.4943,성산경로당,대구광역시 달서구 서당로3길 19-10,053-585-5908 ,신당동,대구광역시 달서구 어르신장애인과,2024-05-17
35.85002544,128.4788722,성서삼성한국형아파트경로당,"대구광역시 달서구 호산로 126(호산동,삼성한국형)",053-591-8836,신당동,대구광역시 달서구 어르신장애인과,2024-05-17
35.85025339,128.4736813,성서삼성명가타운아파트경로당,"대구광역시 달서구 호산로 125(파호동,삼성명가타운)",053-585-1604,신당동,대구광역시 달서구 어르신장애인과,2024-05-17
35.86325517,128.4904566,신당한화꿈에그린,대구광역시 달서구 달서대로 719,053-592-4007,신당동,대구광역시 달서구 어르신장애인과,2024-05-17
35.85957392,128.4979408,당산경로당,대구광역시 달서구 선원로15안길 41(신당동),053-588-0325,신당동,대구광역시 달서구 어르신장애인과,2024-05-17
35.85356683,128.4745535,성서우방유쉘아파트경로당,"대구광역시 달서구 달구벌대로 995(파호동, 성서우방유쉘)",053-585-1106,신당동,대구광역시 달서구 어르신장애인과,2024-05-17
35.85703103,128.4938615,신서경로당,대구광역시 달서구 서당로9길 34-18(신당동),053-582-1718,신당동,대구광역시 달서구 어르신장애인과,2024-05-17
35.85229651,128.4988252,성서종합사회복지관,대구광역시 달서구 신당로 56,053-583-1284,신당동,대구광역시 달서구 어르신장애인과,2024-05-17
35.8538435,128.497451,신당종합사회복지관,대구광역시 달서구 신당로 55,053-581-8310,신당동,대구광역시 달서구 어르신장애인과,2024-05-17
35.82272768,128.5232861,조암경로당,대구광역시 달서구 조암남로14안길 40,053-642-9684,월성1동,대구광역시 달서구 어르신장애인과,2024-05-17
35.82493504,128.5337151,월성화성타운아파트노인정,대구광역시 달서구 학산로2길 27(월성동 월성화성타운),053-642-7454,월성1동,대구광역시 달서구 어르신장애인과,2024-05-17
35.8289456,128.5337973,월성보성타운1단지아파트노인정,"대구광역시 달서구 학산로 30(월성동,월성보성1단지)",053-633-5895,월성1동,대구광역시 달서구 어르신장애인과,2024-05-17
35.82616563,128.5326387,월성우방,"대구광역시 달서구 학산로2길 11(월성동, 월성우방타운)",053-637-8398,월성1동,대구광역시 달서구 어르신장애인과,2024-05-17
35.82460706,128.5324733,월성청구타운경로당,대구광역시 달서구 학산로2길 24,053-642-4201,월성1동,대구광역시 달서구 어르신장애인과,2024-05-17
35.8242362,128.534795,월성영남,대구광역시 달서구 학산로2길 39,053-635-0041,월성1동,대구광역시 달서구 어르신장애인과,2024-05-17
35.82084121,128.5280103,월성동삼성래미안,대구광역시 달서구 상원로 143,053-637-0985,월성1동,대구광역시 달서구 어르신장애인과,2024-05-17
35.82294631,128.5289207,태왕아너스월성아파트,대구광역시 달서구 조암남로 24,053-246-0633,월성1동,대구광역시 달서구 어르신장애인과,2024-05-17
35.82177705,128.5263122,월성자이아파트,대구광역시 달서구 조암남로10길 21,053-631-0196,월성1동,대구광역시 달서구 어르신장애인과,2024-05-17
35.82211128,128.5220204,월성코오롱하늘채,대구광역시 달서구 조암남로16길 19,053-643-1477,월성1동,대구광역시 달서구 어르신장애인과,2024-05-17
35.82920439,128.5262285,월성푸르지오,대구광역시 달서구 조암로6길 20,053-290-4566,월성1동,대구광역시 달서구 어르신장애인과,2024-05-17
35.82221331,128.5234266,월성코오롱하늘채2단지,대구광역시 달서구 조암남로16길 20,070-8911-3379,월성1동,대구광역시 달서구 어르신장애인과,2024-05-17
35.82464895,128.5291202,월성 e편한세상,대구광역시 달서구 조암남로 10,070-8977-5780,월성1동,대구광역시 달서구 어르신장애인과,2024-05-17
35.82024657,128.5259036,태왕아너스베스트관리실,대구광역시 달서구 월배로33길 117,053-634-3755,월성1동,대구광역시 달서구 어르신장애인과,2024-05-17
35.81903808,128.5177838,월배힐스테이트관리사무소,대구광역시 달서구 조암남로 132,053-636-8223,월성1동,대구광역시 달서구 어르신장애인과,2024-05-17
35.81932994,128.52115,이안월배아파트,대구광역시 달서구 조암남로 116,053-643-8200,월성1동,대구광역시 달서구 어르신장애인과,2024-05-17
35.82784002,128.5208073,월배 e편한세상,대구광역시 달서구 월성로 132,000-000-0000,월성1동,대구광역시 달서구 어르신장애인과,2024-05-17
35.82428381,128.5219461,협성휴포레월성,대구광역시 달서구 조암로10길 11,053-638-2255,월성1동,대구광역시 달서구 어르신장애인과,2024-05-17
35.83112696,128.527658,월성백일주공1,대구광역시 달서구 월곡로94길 30,053-642-0388,월성2동,대구광역시 달서구 어르신장애인과,2024-05-17
35.82811673,128.5316889,월성동서,대구광역시 달서구 학산로7길 5,053-631-5393,월성2동,대구광역시 달서구 어르신장애인과,2024-05-17
35.83032758,128.531106,2차보성,대구광역시 달서구 학산로7길 27,053-632-2535,월성2동,대구광역시 달서구 어르신장애인과,2024-05-17
35.82694224,128.5302754,월성서한이다음아파트경로당,대구광역시 달서구 학산로 15,053-636-0032,월성2동,대구광역시 달서구 어르신장애인과,2024-05-17
35.83192291,128.5331421,월성주공4경로당,대구광역시 달서구 구마로14남길 55,053-633-4758,월성2동,대구광역시 달서구 어르신장애인과,2024-05-17
35.83004237,128.528337,학산,대구광역시 달서구 월성로 77,070-8911-5627,월성2동,대구광역시 달서구 어르신장애인과,2024-05-17
35.83156785,128.5298746,월성수복정,"대구광역시 달서구 학산로7길 39(월성동, 월성주공3단지아파트)",053-635-2519,월성2동,대구광역시 달서구 어르신장애인과,2024-05-17
35.81777796,128.5152857,월배쌍용예가,대구광역시 달서구 조암남로32길 13,053-295-7332,진천동,대구광역시 달서구 어르신장애인과,2024-05-17
35.80947139,128.5248144,월배경로당,대구광역시 달서구 상화로7길 121(진천동),053-631-5108,진천동,대구광역시 달서구 어르신장애인과,2024-05-17
35.81504049,128.5271308,월진경로당,대구광역시 달서구 월배로 117(진천동),053-634-7139,진천동,대구광역시 달서구 어르신장애인과,2024-05-17
35.79842677,128.5296539,대곡경로당,대구광역시 달서구 한실로6길 103,000-000-0000,진천동,대구광역시 달서구 어르신장애인과,2024-05-17
35.81196487,128.5193423,신정경로당,대구광역시 달서구 상화로9길 81-17(진천동),053-634-0826,진천동,대구광역시 달서구 어르신장애인과,2024-05-17
35.81362181,128.5299874,귀빈,대구광역시 달서구 월배로 32안길 61,053-637-0240,진천동,대구광역시 달서구 어르신장애인과,2024-05-17
35.81468173,128.5308134,동백만수당경로당,대구광역시 달서구 월배로32안길 35,053-641-0825,진천동,대구광역시 달서구 어르신장애인과,2024-05-17
35.80661187,128.5107321,대곡금강,"대구광역시 달서구 비슬로540길 38(대곡동, 금강아파트) ",053-634-3391,진천동,대구광역시 달서구 어르신장애인과,2024-05-17
35.80742654,128.5099185,대곡금강2,"대구광역시 달서구 비슬로540길 14(대곡동, 금강아파트)",053-632-6390,진천동,대구광역시 달서구 어르신장애인과,2024-05-17
35.81281586,128.528798,귀빈경로당,대구광역시 달서구 월배로32안길 66,053-639-7227,진천동,대구광역시 달서구 어르신장애인과,2024-05-17
35.80813848,128.5162634,대곡청구,대구광역시 달서구 상화로8길 26,053-636-0331,진천동,대구광역시 달서구 어르신장애인과,2024-05-17
35.81219947,128.5275435,진천현대,대구광역시 달서구 상화북로5길 39,053-638-2934,진천동,대구광역시 달서구 어르신장애인과,2024-05-17
35.81132588,128.5273828,진천우방,대구광역시 달서구 진천로4길 39,053-642-3959,진천동,대구광역시 달서구 어르신장애인과,2024-05-17
35.80603378,128.5089027,대곡우방타운아파트노인정,"대구광역시 달서구 비슬로538길 22(대곡동,우방타운)",053-641-0234,진천동,대구광역시 달서구 어르신장애인과,2024-05-17
35.80961463,128.5167377,월배동화타운,대구광역시 달서구 상화로 24,053-631-4094,진천동,대구광역시 달서구 어르신장애인과,2024-05-17
35.81196316,128.5238792,진천청구,대구광역시 달서구 진천로 41,053-636-0012,진천동,대구광역시 달서구 어르신장애인과,2024-05-17
35.81142536,128.5313892,진천경로당,대구광역시 달서구 상화북로 46-1(진천동) ,053-641-1713,진천동,대구광역시 달서구 어르신장애인과,2024-05-17
35.81172676,128.5222842,현대2차,"대구광역시 달서구 월배로14길 43(진천동, 진천역현대2차아파트)",053-639-1590,진천동,대구광역시 달서구 어르신장애인과,2024-05-17
35.81052116,128.5238476,진천제림하나로,대구광역시 달서구 상화로21길 55,053-639-5275,진천동,대구광역시 달서구 어르신장애인과,2024-05-17
35.81038519,128.5136112,화성타운노인정,"대구광역시 달서구 비슬로 2731(유천동,유천화성타운)",053-262-5655,진천동,대구광역시 달서구 어르신장애인과,2024-05-17
35.81039928,128.5228619,세광그린맨션경로당,"대구광역시 달서구 진천로7길 47(진천동, 세광그린타운)",053-634-5224,진천동,대구광역시 달서구 어르신장애인과,2024-05-17
35.81186913,128.518556,달맞이맨션,대구광역시 달서구 월배로 30(진천동),053-631-3626,진천동,대구광역시 달서구 어르신장애인과,2024-05-17
35.80876003,128.5142535,한라하우젠트아파트경로당,"대구광역시 달서구 비슬로 2724(대곡동, 대곡한라하우젠트)",053-262-5615,진천동,대구광역시 달서구 어르신장애인과,2024-05-17
35.80827156,128.5209226,진천코오롱하늘채입주자대표회의,대구광역시 달서구 상화로 65,053-632-3777,진천동,대구광역시 달서구 어르신장애인과,2024-05-17
35.8070142,128.5240236,대곡청구제네스,대구광역시 달서구 상화로 90,053-641-5428,진천동,대구광역시 달서구 어르신장애인과,2024-05-17
35.80762759,128.5176874,삼성래미안,대구광역시 달서구 상화로 8길 23,053-263-3318,진천동,대구광역시 달서구 어르신장애인과,2024-05-17
35.80659619,128.5227374,삼성래미안2차아파트,"대구광역시 달서구 상화로 86(대곡동,삼성래미안2차)",053-634-7577,진천동,대구광역시 달서구 어르신장애인과,2024-05-17
35.80830448,128.5153903,대곡이오스,대구광역시 달서구 비슬로550길 38,053-631-0418,진천동,대구광역시 달서구 어르신장애인과,2024-05-17
35.8164463,128.5251371,이안진천아파트,대구광역시 달서구 진천로18길 10,053-631-6242,진천동,대구광역시 달서구 어르신장애인과,2024-05-17
35.81841401,128.5286028,포스코더샾,"대구광역시 달서구 월서로 51(진천동,월배역포스코더샾)",053-631-0507,진천동,대구광역시 달서구 어르신장애인과,2024-05-17
35.81439232,128.5081594,유천포스코더샵,대구광역시 달서구 달서대로 67,053-261-0765,진천동,대구광역시 달서구 어르신장애인과,2024-05-17
35.81414241,128.5222669,진천트윈팰리스경로당,"대구광역시 달서구 월배로 71(진천동, 진천트윈팰리스)",053-643-0032,진천동,대구광역시 달서구 어르신장애인과,2024-05-17
35.81414772,128.5189692,진천역화성파크리젠시,"대구광역시 달서구 월배로11길 9-16(유천동,화성파크리젠시2단지)",053-631-5008,진천동,대구광역시 달서구 어르신장애인과,2024-05-17
35.81347189,128.5105327,대곡역화성파크드림경로당,"대구광역시 달서구 달서대로 41(유천동,화성파크드림)",053-638-3456,진천동,대구광역시 달서구 어르신장애인과,2024-05-17
35.8100256,128.5175813,진천태왕아너스경로당,"대구광역시 달서구 상화로5길 23, 상화로5길 24(진천동,태왕아너스1,2단지)",053-636-2006,진천동,대구광역시 달서구 어르신장애인과,2024-05-17
35.81363969,128.5238681,진천역대성스카이렉스 ,"대구광역시 달서구 월배로 80(진천동,진천역대성스카이레스)",070-8911-7011,진천동,대구광역시 달서구 어르신장애인과,2024-05-17
35.81034467,128.5188338,진천태왕아너스2단지관리사무실,대구광역시 달서구 상화로5길 24,053-290-2020,진천동,대구광역시 달서구 어르신장애인과,2024-05-17
35.81646383,128.5211201,진천역계룡리슈빌,대구광역시 달서구 진천로 77,053-249-4045,진천동,대구광역시 달서구 어르신장애인과,2024-05-17
35.81472572,128.516616,진천역AK그랑폴리스1차아파트노인정,"대구광역시 달서구 월배로11길 33(진천동, 진천역AK그랑폴리스)",053-638-0885,진천동,대구광역시 달서구 어르신장애인과,2024-05-17
35.81580647,128.5147196,월배1차아이파크,대구광역시 달서구 조암남로 182,000-000-0000,진천동,대구광역시 달서구 어르신장애인과,2024-05-17
35.81347189,128.5105327,대곡역화성파크드림아파트,대구광역시 달서구 달서대로 41,053-636-4350,진천동,대구광역시 달서구 어르신장애인과,2024-05-17
35.81946119,128.513714,월배2차아이파크,대구광역시 달서구 월배로5길 76,000-000-0000,진천동,대구광역시 달서구 어르신장애인과,2024-05-17
35.79879724,128.5314819,수목원제일풍경채,대구광역시 달서구 갈밭남로12(대곡동),000-000-0000,진천동,대구광역시 달서구 어르신장애인과,2024-05-17
35.79658888,128.5294646,수목원서한이다음,대구광역시 달서구 한실로6길 123(대곡동),000-000-0000,진천동,대구광역시 달서구 어르신장애인과,2024-05-17
35.80243205,128.528895,대곡천년나무,"대구광역시 달서구 갈밭로33(대곡동, 대구대곡LH천년나무1단지)",000-000-0000,진천동,대구광역시 달서구 어르신장애인과,2024-05-17
35.79926113,128.5305335,수목원호정포레스트,대구광역시 달서구 갈밭남로 17,000-000-0000,진천동,대구광역시 달서구 어르신장애인과,2024-05-17
35.81651286,128.5425779,영남화성경로당,대구광역시 달서구 상인서로 76(상인동),053-637-6973,상인1동,대구광역시 달서구 어르신장애인과,2024-05-17
35.81323018,128.5449679,상인동서,대구광역시 달서구 상인서로 39,053-642-3007,상인1동,대구광역시 달서구 어르신장애인과,2024-05-17
35.81584163,128.5415221,상인보성,대구광역시 달서구 상인서로 75,053-634-2879,상인1동,대구광역시 달서구 어르신장애인과,2024-05-17
35.81791126,128.5402856,상인동방현대,대구광역시 달서구 상인서로 85,053-641-8885,상인1동,대구광역시 달서구 어르신장애인과,2024-05-17
35.82358041,128.5343036,보성은하타운관리사무소,대구광역시 달서구 월곡로 320(상인동) ,053-634-9421,상인1동,대구광역시 달서구 어르신장애인과,2024-05-17
35.81821486,128.5409185,동화태왕한양,"대구광역시 달서구 상인서로 94(상인동,동화태왕한양)",053-641-9760,상인1동,대구광역시 달서구 어르신장애인과,2024-05-17
35.81519129,128.5438194,상인서한,대구광역시 달서구 상인서로 46,053-634-4154,상인1동,대구광역시 달서구 어르신장애인과,2024-05-17
35.81556453,128.543003,상인우방,"대구광역시 달서구 상인서로 65(상인동,우방타운)",053-641-4533,상인1동,대구광역시 달서구 어르신장애인과,2024-05-17
35.81411597,128.5464015,성지아파트관리사무소,대구광역시 달서구 상화북로 195,053-636-2092,상인1동,대구광역시 달서구 어르신장애인과,2024-05-17
35.81525449,128.5457785,청구상인타운아파트노인정,"대구광역시 달서구 상인로 105(상인동,청구아파트)",053-283-4904,상인1동,대구광역시 달서구 어르신장애인과,2024-05-17
35.8203298,128.539627,화성하이츠,대구광역시 달서구 월배로 245,053-631-4641,상인1동,대구광역시 달서구 어르신장애인과,2024-05-17
35.81846433,128.5475158,월촌화성보성노인회관,대구광역시 달서구 송현로7길 41,053-641-7466,상인1동,대구광역시 달서구 어르신장애인과,2024-05-17
35.82002555,128.5310593,상인신일해피트리경로당,"대구광역시 달서구 월서로 31(상인동,신일해피트리)",053-631-8884,상인1동,대구광역시 달서구 어르신장애인과,2024-05-17
35.82154322,128.5302837,상인자이,대구광역시 달서구 상원로 142,053-637-0787,상인1동,대구광역시 달서구 어르신장애인과,2024-05-17
35.81827935,128.5325527,상인대성스카이렉스,대구광역시 달서구 월배로 183,053-631-3686,상인1동,대구광역시 달서구 어르신장애인과,2024-05-17
35.81928111,128.536311,상인중석타운,"대구광역시 달서구 월곡로 291(상인동,중석타운)",053-292-6661,상인1동,대구광역시 달서구 어르신장애인과,2024-05-17
35.82185336,128.5335173,상인역 e편한세상,대구광역시 달서구 월서로 14,053-634-0314,상인1동,대구광역시 달서구 어르신장애인과,2024-05-17
35.81970154,128.5350079,상인역 e편한세상,"대구광역시 달서구 월서로3길 15(상인동,상인역e편한세상2)",053-634-3669,상인1동,대구광역시 달서구 어르신장애인과,2024-05-17
35.82254091,128.5449763,상인화성파크드림 1단지 경로당,대구광역시 달서구 송현로7길 10,053-639-5006,상인1동,대구광역시 달서구 어르신장애인과,2024-05-17
35.82141879,128.5479346,상인화성파크드림2단지경로당,"대구광역시 달서구 송현로7길 9(상인동,화성파크드림2)",053-635-6616,상인1동,대구광역시 달서구 어르신장애인과,2024-05-17
35.82034148,128.532987,상인KCC스위첸,"대구광역시 달서구 월배로39길 26(상인동,상인역KCC스위첸)",053-638-1254,상인1동,대구광역시 달서구 어르신장애인과,2024-05-17
35.81738777,128.536431,월평,대구광역시 달서구 월배로42길 21(상인동),053-634-3705,상인2동,대구광역시 달서구 어르신장애인과,2024-05-17
35.80935084,128.5457601,월곡,대구광역시 달서구 월곡로27길 30,053-633-8592,상인2동,대구광역시 달서구 어르신장애인과,2024-05-17
35.81251364,128.5399834,낙원경로당,대구광역시 달서구 월곡로45길 49,053-631-9935,상인2동,대구광역시 달서구 어르신장애인과,2024-05-17
35.81209085,128.5437871,보성산호아파트관리사무소,대구광역시 달서구 상화북로 159,053-633-4134,상인2동,대구광역시 달서구 어르신장애인과,2024-05-17
35.81121157,128.5409041,한양은하,"대구광역시 달서구 상화북로 137(상인동,한양은하)",053-635-4081,상인2동,대구광역시 달서구 어르신장애인과,2024-05-17
35.81147593,128.5382391,우방청자,대구광역시 달서구 상화북로 117,053-634-2812,상인2동,대구광역시 달서구 어르신장애인과,2024-05-17
35.81533942,128.5329092,삼미타운,대구광역시 달서구 월배로34길 27,053-634-2254,상인2동,대구광역시 달서구 어르신장애인과,2024-05-17
35.81048044,128.545115,상인동화아이위시입주자대표회의,대구광역시 달서구 월곡로 171,053-637-3532,상인2동,대구광역시 달서구 어르신장애인과,2024-05-17
35.81409951,128.5340518,월성경로당,대구광역시 달서구 상원로13길 23-17(상인동) ,053-635-9188,상인2동,대구광역시 달서구 어르신장애인과,2024-05-17
35.81316535,128.5373652,상인2동경로당,대구광역시 달서구 월곡로53서길 70(상인동),053-639-2858,상인2동,대구광역시 달서구 어르신장애인과,2024-05-17
35.81086982,128.5387329,상인푸르지오,대구광역시 달서구 상화로 235,053-638-9658,상인2동,대구광역시 달서구 어르신장애인과,2024-05-17
35.80724121,128.5498176,상인은행5단지아파트노인정,"대구광역시 달서구 월곡로 112(상인동,상인은행) ",053-638-2268,상인3동,대구광역시 달서구 어르신장애인과,2024-05-17
35.81262039,128.5482392,상인제림,대구광역시 달서구 상화북로 196,053-638-3611,상인3동,대구광역시 달서구 어르신장애인과,2024-05-17
35.80737518,128.5559485,상인장미맨션4단지아파트경로당,"대구광역시 달서구 상화로 380(상인동, 장미아파트)",053-641-3253,상인3동,대구광역시 달서구 어르신장애인과,2024-05-17
35.80775324,128.5521558,장미3단지,"대구광역시 달서구 상화로 370(상인동,장미3단지)",053-635-4798,상인3동,대구광역시 달서구 어르신장애인과,2024-05-17
35.80861844,128.5521729,상인비둘기1단지아파트비둘기할머니경로당,"대구광역시 달서구 상화로 371(상인동,비둘기1단지)",053-634-4686,상인3동,대구광역시 달서구 어르신장애인과,2024-05-17
35.80868638,128.5550282,상인비둘기2단지아파트노인정,"대구광역시 달서구 상화로 373(상인동,비둘기아파트)",053-641-1164,상인3동,대구광역시 달서구 어르신장애인과,2024-05-17
35.8113905,128.5471573,상인평광,대구광역시 달서구 상인서로 3,053-631-4766,상인3동,대구광역시 달서구 어르신장애인과,2024-05-17
35.80973803,128.5497906,제기경로당,대구광역시 달서구 상인로9안길 69(상인동) ,053-641-8249,상인3동,대구광역시 달서구 어르신장애인과,2024-05-17
35.80463244,128.5487042,롯데캐슬레이크,"대구광역시 달서구 상화로58길 86(도원동,롯데개슬)",053-285-9988,도원동,대구광역시 달서구 어르신장애인과,2024-05-17
35.7961287,128.5476388,도원경로당,대구광역시 달서구 수밭길 46(도원동),053-632-8015,도원동,대구광역시 달서구 어르신장애인과,2024-05-17
35.8026595,128.5345171,산새마을,대구광역시 달서구 도원남로 40,053-641-2510,도원동,대구광역시 달서구 어르신장애인과,2024-05-17
35.80459825,128.5343199,도원동별메마을경로당,"대구광역시 달서구 도원로 46(도원동,별메마을) ",053-638-0994,도원동,대구광역시 달서구 어르신장애인과,2024-05-17
35.80748027,128.5328013,한실들마을1,대구광역시 달서구 한실로 49,053-637-1708,도원동,대구광역시 달서구 어르신장애인과,2024-05-17
35.80748027,128.5328013,한실들마을2경로당,대구광역시 달서구 한실로 49(도원동 한실들마을2),053-631-6220,도원동,대구광역시 달서구 어르신장애인과,2024-05-17
35.80666027,128.5408067,도원가람마을경로당,대구광역시 달서구 한실로 135,053-637-2003,도원동,대구광역시 달서구 어르신장애인과,2024-05-17
35.80592087,128.5307881,아람마을경로당,"대구광역시 달서구 한실로 30(도원동,아람마을)",053-641-1474,도원동,대구광역시 달서구 어르신장애인과,2024-05-17
35.80666027,128.5408067,가람마을2,대구광역시 달서구 한실로 135,053-636-6683,도원동,대구광역시 달서구 어르신장애인과,2024-05-17
35.8077806,128.5301145,나래마을,대구광역시 달서구 한실로 29,053-631-7664,도원동,대구광역시 달서구 어르신장애인과,2024-05-17
35.80694196,128.5382969,대곡사계절,대구광역시 달서구 한실로 117,053-634-7715,도원동,대구광역시 달서구 어르신장애인과,2024-05-17
35.80543847,128.5358968,대곡강산타운,대구광역시 달서구 도원로 45,053-631-0233,도원동,대구광역시 달서구 어르신장애인과,2024-05-17
35.80487593,128.5407393,미리샘마을경로당,"대구광역시 달서구 한실로 134(도원동,미리샘마을)",053-635-0908,도원동,대구광역시 달서구 어르신장애인과,2024-05-17
35.8073306,128.546034,서한이다음레이크뷰,대구광역시 달서구 상화로58길 35,000-000-0000,도원동,대구광역시 달서구 어르신장애인과,2024-05-17
35.8309145,128.5528036,해맞이타운,대구광역시 달서구 월배로 420,053-621-6215,송현1동,대구광역시 달서구 어르신장애인과,2024-05-17
35.82648664,128.5493862,송공경로당,대구광역시 달서구 월배로68안길 43-7(송현동),053-629-2613,송현1동,대구광역시 달서구 어르신장애인과,2024-05-17
35.82675618,128.555442,송영,대구광역시 달서구 중흥로16길 84-12(송현동),053-626-5911,송현1동,대구광역시 달서구 어르신장애인과,2024-05-17
35.82876124,128.5603702,송곡경로당,대구광역시 달서구 앞산순환로61길 14(송현동),053-629-3230,송현1동,대구광역시 달서구 어르신장애인과,2024-05-17
35.82776098,128.5583931,장관빌라관리사무소,"대구광역시 달서구 중흥로 68(송현동, 장관연립주택)",053-622-3009,송현1동,대구광역시 달서구 어르신장애인과,2024-05-17
35.82528432,128.5481936,청구제네스,대구광역시 달서구 월배로 340,053-653-8773,송현1동,대구광역시 달서구 어르신장애인과,2024-05-17
35.82249496,128.5510851,대남경로당,대구광역시 달서구 앞산순환로39안길 11(송현동),053-623-8860,송현1동,대구광역시 달서구 어르신장애인과,2024-05-17
35.82668111,128.5462775,솔고개경로당,대구광역시 달서구 월배로67안길 14(송현동),053-621-5551,송현2동,대구광역시 달서구 어르신장애인과,2024-05-17
35.82664576,128.5441412,월성아파트노인정,대구광역시 달서구 송현로16길 43,053-627-4608,송현2동,대구광역시 달서구 어르신장애인과,2024-05-17
35.83135968,128.5441513,서부분회,대구광역시 달서구 송현로 161,053-641-3307,송현2동,대구광역시 달서구 어르신장애인과,2024-05-17
35.83523443,128.5502879,그린맨션1차아파트경로당,"대구광역시 달서구 구마로40길 21(송현동, 그린맨션아파트)",053-627-6226,송현2동,대구광역시 달서구 어르신장애인과,2024-05-17
35.82990061,128.5478713,구암경로당,대구광역시 달서구 월배로75길 50-12(송현동),053-625-5475,송현2동,대구광역시 달서구 어르신장애인과,2024-05-17
35.8263591,128.5437519,송현우방,대구광역시 달서구 송현로 103,053-290-9455,송현2동,대구광역시 달서구 어르신장애인과,2024-05-17
35.83417731,128.550845,송현제림타운,"대구광역시 달서구 구마로52안길 57(상인동,송현제림)",053-652-5802,송현2동,대구광역시 달서구 어르신장애인과,2024-05-17
35.82432872,128.5422882,우방송현하이츠,대구광역시 달서구 학산남로 90,053-641-0556,송현2동,대구광역시 달서구 어르신장애인과,2024-05-17
35.83448248,128.553083,송현경로당,대구광역시 달서구 구마로52안길 18(송현동),053-653-9225,송현2동,대구광역시 달서구 어르신장애인과,2024-05-17
35.82712717,128.5433255,본동주공아파트(본동종합사회복지관),"대구광역시 달서구 송현로 113(송현동, 본동주공1차아파트)",053-641-7785,송현2동,대구광역시 달서구 어르신장애인과,2024-05-17
35.83225356,128.5477658,소나무경로당,대구광역시 달서구 송현동4길 31(송현동),000-000-0000,송현2동,대구광역시 달서구 어르신장애인과,2024-05-17
35.8345844,128.5386169,본동경로당,대구광역시 달서구 와룡로4길 19,053-527-9595 ,본동,대구광역시 달서구 어르신장애인과,2024-05-17
35.83583035,128.546119,그린맨션2차아파트경로당,대구광역시 달서구 구마로36길 20,053-626-9976,본동,대구광역시 달서구 어르신장애인과,2024-05-17
35.83409941,128.5481769,청구그린3차경로당,"대구광역시 달서구 구마로36길 33(본동,청구그린3차)",053-629-9323,본동,대구광역시 달서구 어르신장애인과,2024-05-17
35.83194467,128.5343266,주공5단지경노당,대구광역시 달서구 구마로12길 89,053-636-0616,본동,대구광역시 달서구 어르신장애인과,2024-05-17
35.8348039,128.5358955,가무네경로당,대구광역시 달서구 학산로19길 55(본동),000-000-0000,본동,대구광역시 달서구 어르신장애인과,2024-05-17
35.8379835,128.5443627,더샵달서센트럴,대구광역시 달서구 당산로 17(본리동),000-000-0000,본리동,대구광역시 달서구 어르신장애인과,2024-05-17
35.81055948,128.5415968,모아엘가파크뷰,대구광역시 달서구 상화북로 162(상인동),053-639-9888,상인2동,대구광역시 달서구 어르신장애인과,2024-05-17
35.81927494,128.5151072,월배삼정그린코아포레스트,대구광역시 달서구 조암남로32길 40(유천동),000-000-0000,유천동,대구광역시 달서구 어르신장애인과,2024-05-17
35.80153911,128.5351292,수목원풍경그린,대구광역시 달서구 갈밭남로 64,053-633-0924,진천동,대구광역시 달서구 어르신장애인과,2024-05-17
35.5034,128.3207,죽전역코오롱하늘채,대구광역시 달서구 용산로12길 77,,장기동,대구광역시 달서구 어르신장애인과,2024-05-17
35.4934,128.313,월성월드메르디앙,대구광역시 달서구 조암로6길 19,,월성1동,대구광역시 달서구 어르신장애인과,2024-05-17
35.5118,128.3418,두류파크kcc스위첸,대구광역시 달서구 파도고개로 70,,두류1 2동,대구광역시 달서구 어르신장애인과,2024-05-17
