번호,소속지회,경로당명,주소
1,남구지회,영무예다음,"대구광역시 남구 대봉로 12 경로당 (봉덕동, 앞산봉덕영무예다음아파트)"
2,남구지회,양지,대구광역시 남구 성당로46길 80-4 1 (대명동)
3,남구지회,남덕경로당,대구광역시 남구 현충로7길 42-4 (대명동)
4,남구지회,화성파크드림,"대구광역시 남구 대봉로14길 30 화성파크드림경로당 (봉덕동, 봉덕화성파크드림)"
5,남구지회,한라하우젠트경로당,"대구광역시 남구 봉덕로21길 53-16 한라하우젠트경로당 (봉덕동, 한라하우젠트)"
6,남구지회,동서프라임,"대구광역시 남구 이천로19길 81 동서프라임경로당 (대명동, 교대역동서프라임36.5)"
7,남구지회,관문경로당,대구광역시 남구 관문시장6길 7-4 (대명동)
8,남구지회,대명2동경로당,대구광역시 남구 삼각지2길 20-11 (대명동)
9,남구지회,한마음경로당,대구광역시 남구 중앙대로26길 21-1 (봉덕동)
10,남구지회,대현,대구광역시 남구 앞산순환로63길 74-5
11,남구지회,대명11동,대구광역시 남구 대명역6길 48
12,남구지회,개나리맨션,대구광역시 남구 두류공원로5길 42-8
13,남구지회,명성,대구광역시 남구 두류공원로5길 42-8
14,남구지회,파크맨션,대구광역시 남구 대명복개로 230
15,남구지회,대명10동,대구광역시 남구 도촌길 150
16,남구지회,청록타운,대구광역시 남구 큰골길 198
17,남구지회,대명9동,대구광역시 남구 큰골길 53
18,남구지회,코스모스,대구광역시 남구 대명로 10길 6
19,남구지회,뉴코스모스,대구광역시 남구 대명로 42
20,남구지회,골안,대구광역시 남구 대명서7길 106
21,남구지회,대복,대구광역시 남구 대명로20길 28
22,남구지회,대우,대구광역시 남구 안지랑로7길 14-3
23,남구지회,기로회,대구광역시 남구 대명로49길 77
24,남구지회,명오당,대구광역시 남구 대명로58길 11
25,남구지회,대명4동,대구광역시 남구 대경5길 101-2
26,남구지회,일심,대구광역시 남구 성명공원길 49
27,남구지회,대덕,대구광역시 남구 삼각지5길 17
28,남구지회,명동,대구광역시 남구 성당로48길 68
29,남구지회,대명3동,대구광역시 남구 명덕로10길 27-1
30,남구지회,영선,대구광역시 남구 중앙대로50길 40
31,남구지회,대명8동,대구광역시 남구 영선시장1길 85-1
32,남구지회,명덕,대구광역시 남구 명덕로38길 51
33,남구지회,동아대덕,대구광역시 남구 현충서길 29
34,남구지회,앵두마을,대구광역시 남구 두류공원로12길 17-25
35,남구지회,정우,대구광역시 남구 현충로25길 71
36,남구지회,무궁화,대구광역시 남구 현충로23길 23
37,남구지회,대명1동,대구광역시 남구 장전2길 5
38,남구지회,태성맨션,대구광역시 남구 효서2길 7
39,남구지회,상신,대구광역시 남구 효성3길 20
40,남구지회,보성아파트,대구광역시 남구 삼정2길 99
41,남구지회,대덕2차,대구광역시 남구 앞산순환로 655
42,남구지회,대덕효도정,대구광역시 남구 앞산순환로 657
43,남구지회,미리내,대구광역시 남구 효성로 15
44,남구지회,목련,대구광역시 남구 봉덕로6길 35-22
45,남구지회,봉삼,대구광역시 남구 삼정4길 89
46,남구지회,래미안웰리,대구광역시 남구 효성중앙길 82
47,남구지회,앞산힐스테,대구광역시 남구 대덕로 166
48,남구지회,고산골,대구광역시 남구 용두길 89-1
49,남구지회,효성아파트,대구광역시 남구 효성중앙길 37
50,남구지회,신협,대구광역시 남구 앞산순환로 728
51,남구지회,남부,대구광역시 남구 이천로10길 50
52,남구지회,봉덕2동,대구광역시 남구 대덕로38길 46-1
53,남구지회,효성백년가약,대구광역시 남구 봉덕로 135
54,남구지회,강변코오롱,대구광역시 남구 봉덕로 134
55,남구지회,동심,대구광역시 남구 이천로 64-1
56,남구지회,봉명,대구광역시 남구 중앙대로34길 75
57,남구지회,봉덕1동,대구광역시 남구 희망로3길 11-2
58,남구지회,이천뜨란채,대구광역시 남구 대봉로26길 37
59,남구지회,월드메르,대구광역시 남구 이천로19길 68
60,남구지회,대성유니드,대구광역시 남구 희망로5길 12
61,남구지회,주공2단지,대구광역시 남구 희망로 55
62,남구지회,주공1단지,대구광역시 남구 명덕로68길 77
63,남구지회,강변타운,대구광역시 남구 명덕로68길 19
64,남구지회,대동,대구광역시 남구 이천로 28길 42-43
65,남구지회,화수,대구광역시 남구 대봉로 36길 17
66,남구지회,상아,대구광역시 남구 명덕로 236
67,남구지회,이천1동,대구광역시 남구 이천로 143-6
68,달서구지회,월배삼정그린코아포레스트,"대구광역시 달서구 조암남로32길 40 (대천동, 월배삼정그린코아포레스트)"
69,달서구지회,모아엘가파크뷰,"대구광역시 달서구 상화북로 162 (상인동, 상인역 모아엘가 파크뷰)"
70,달서구지회,수목원풍경그린,"대구광역시 달서구 갈밭남로 64 (대곡동, 대구대곡수목원풍경그린)"
71,달서구지회,더샵달서센트럴,"대구광역시 달서구 당산로 17 (본리동, 더샵 달서센트럴)"
72,달서구지회,수목원호정포레스트,"대구광역시 달서구 갈밭남로 17 (대곡동, 대구대곡수목원호정포레스트)"
73,달서구지회,대곡천년나무,"대구광역시 달서구 갈밭로 33 (대곡동, 대구대곡Lh천년나무1단지)"
74,달서구지회,수목원서한이다음,"대구광역시 달서구 한실로6길 123 대곡동 (대곡동, 수목원서한이다음아파트)"
75,달서구지회,수목원제일풍경채,"대구광역시 달서구 갈밭남로 12 수목원제일풍경채 (대곡동, 수목원제일풍경채)"
76,달서구지회,본리,대구광역시 달서구 용산로4안길 23 (본리동)
77,달서구지회,협성휴포레월성,"대구광역시 달서구 조암로10길 11 (월성동, 월성 협성휴포레)"
78,달서구지회,용전,대구광역시 달서구 와룡로43길 66-7 (용산동)
79,달서구지회,월배2차아이파크,"대구광역시 달서구 월배로5길 76 (유천동, 대구월배2차 아이파크)"
80,달서구지회,감삼제3,대구광역시 달서구 달구벌대로330길 31 (감삼동)
81,달서구지회,성서주공1단지,"대구광역시 달서구 신당로 56 (신당동, 성서주공1단지아파트)"
82,달서구지회,본동복지관,"대구광역시 달서구 송현로 113 (송현동, 본동주공임대아파트)"
83,달서구지회,월성수복정,"대구광역시 달서구 학산로7길 39 (월성동, 월성주공3단지아파트)"
84,달서구지회,성서주공3단지,대구광역시 달서구 신당로55(복지관이 관리하고있는 경로당)
85,달서구지회,소나무,대구광역시 달서구 송현동4길 31
86,달서구지회,월배e편한세상,대구광역시 달서구 월성로132(월성동)
87,달서구지회,능골,대구광역시 달서구 성서동로60길16
88,달서구지회,용산제2,대구광역시 달서구 용산로205
89,달서구지회,월배1차아이파크,대구광역시 달서구 조암남로182
90,달서구지회,대곡역화성파크드림위드,대구광역시 달서구 비슬로2734
91,달서구지회,가무내,대구광역시 달서구 학산로19길55
92,달서구지회,진천역AK그랑폴리스,대구광역시 달서구 월배로11길33
93,달서구지회,이안월배아파트,대구광역시 달서구 조암남로116
94,달서구지회,상인KCC스위첸,대구광역시 달서구 월배로39길26
95,달서구지회,성당동제3,대구광역시 달서구 야외음악당로2길3
96,달서구지회,진천역계룡리슈빌,대구광역시 달서구 진천로77
97,달서구지회,월성태왕아너스베스트,대구광역시 달서구 월배로33길117
98,달서구지회,월드마크,대구광역시 달서구 와룡로169
99,달서구지회,진천태왕아너스2단지,대구광역시 달서구 상화로5길24
100,달서구지회,상인푸르지오,대구광역시 달서구 상화로235
101,달서구지회,월성e편한세상,대구광역시 달서구 조암남로10
102,달서구지회,진천역대성스카이렉스,대구광역시 달서구 월배로80
103,달서구지회,월성코오롱하늘채2단지,대구광역시 달서구 조암남로16길20
104,달서구지회,학산,대구광역시 달서구 월성로77
105,달서구지회,상인화성파크드림2단지,대구광역시 달서구 송현로7길9
106,달서구지회,상인화성파크드림1단지,대구광역시 달서구 송현로7길10
107,달서구지회,신서,대구광역시 달서구 서당로9길34-18
108,달서구지회,성당두산위브,대구광역시 달서구 당산로82
109,달서구지회,월배힐스테이트,대구광역시 달서구 조암남로132
110,달서구지회,본리2차롯데캐슬,대구광역시 달서구 대명천로119
111,달서구지회,진천태왕아너스,대구광역시 달서구 상화로5길23
112,달서구지회,감삼친화,대구광역시 달서구 당산로187
113,달서구지회,상인역e편한세상,대구광역시 달서구 월서로14
114,달서구지회,성당래미안e편한세상3단지,대구광역시 달서구 장기로127
115,달서구지회,월성푸르지오,대구광역시 달서구 조암로6길20
116,달서구지회,성당래미안e편한세상1단지,대구광역시 달서구 장기로189
117,달서구지회,성당포스코더샾,대구광역시 달서구 장기로115
118,달서구지회,상인중석타운,대구광역시 달서구 월곡로291
119,달서구지회,본리롯데캐슬1차,대구광역시 달서구 대명천로101
120,달서구지회,대곡역화성파크드림,대구광역시 달서구 달서대로41
121,달서구지회,성서우방유쉘,대구광역시 달서구 달구벌대로995
122,달서구지회,성당래미안e편한세상2단지,대구광역시 달서구 장기로145
123,달서구지회,상인대성스카이렉스,대구광역시 달서구 월배로183
124,달서구지회,진천역화성파크리젠시,대구광역시 달서구 월배로11길9-16
125,달서구지회,진천트윈팰리스,대구광역시 달서구 월배로71
126,달서구지회,당산,대구광역시 달서구 선원로15안길41
127,달서구지회,상인자이,대구광역시 달서구 상원로142
128,달서구지회,성당코오롱하늘채,대구광역시 달서구 장기로160
129,달서구지회,이곡2동,대구광역시 달서구 선원로23길77
130,달서구지회,상인신일해피트리,대구광역시 달서구 월서로31
131,달서구지회,월성코오롱하늘채,대구광역시 달서구 조암남로16길19
132,달서구지회,월성자이아파트,대구광역시 달서구 조암남로10길21
133,달서구지회,태왕아너스월성아파트,대구광역시 달서구 조암남로24
134,달서구지회,유천포스코더샾,대구광역시 달서구 달서대로67
135,달서구지회,월성동삼성래미안,대구광역시 달서구 상원로143
136,달서구지회,포스코더샾,대구광역시 달서구 월서로51
137,달서구지회,늘품,대구광역시 달서구 선원로33길79-8
138,달서구지회,대남,대구광역시 달서구 앞산순환로39안길11
139,달서구지회,신당한화꿈에그린,대구광역시 달서구 달서대로719
140,달서구지회,이안진천아파트,대구광역시 달서구 진천로18길10
141,달서구지회,청구제네스,대구광역시 달서구 월배로340
142,달서구지회,대곡이오스,대구광역시 달서구 비슬로550길38
143,달서구지회,장기누림타운,대구광역시 달서구 한들로31
144,달서구지회,두류3동,"대구광역시 달서구 야외음악당로39길54,2층"
145,달서구지회,장동,대구광역시 달서구 성서공단로61길45
146,달서구지회,우방드림시티,대구광역시 달서구 장기로242
147,달서구지회,삼정그린빌,대구광역시 달서구 야외음악당로39길54
148,달서구지회,두류보성맨션,대구광역시 달서구 두류6길9
149,달서구지회,삼성래미안2차아파트,대구광역시 달서구 상화로86
150,달서구지회,장기파랑새마을,대구광역시 달서구 한들로70
151,달서구지회,송현,대구광역시 달서구 구마로52안길18
152,달서구지회,동화로즈빌,대구광역시 달서구 죽전1길82
153,달서구지회,삼성래미안,대구광역시 달서구 상화로8길23
154,달서구지회,성서3차동서타운,대구광역시 달서구 이곡공원로49
155,달서구지회,용산파크타운,대구광역시 달서구 용산로259
156,달서구지회,용산청구블루빌타운,대구광역시 달서구 용산로254
157,달서구지회,사령봉,대구광역시 달서구 달구벌대로245길17-12
158,달서구지회,월촌화성타운,대구광역시 달서구 송현로7길41
159,달서구지회,배실,대구광역시 달서구 선원로23남길54
160,달서구지회,우방송현하이츠,대구광역시 달서구 학산남로90
161,달서구지회,삼성명가타운,대구광역시 달서구 호산로125
162,달서구지회,용산청구타운,대구광역시 달서구 용산서로22
163,달서구지회,용산보성타운,대구광역시 달서구 용산서로37
164,달서구지회,용산현대우방타운,대구광역시 달서구 용산로253
165,달서구지회,용산세광태왕2차타운,대구광역시 달서구 용산서로9
166,달서구지회,용산2차우방타운,대구광역시 달서구 용산서로38
167,달서구지회,용산영남타운,대구광역시 달서구 용산로266
168,달서구지회,삼성한국형A,대구광역시 달서구 호산로126
169,달서구지회,화성하이츠,대구광역시 달서구 월배로245
170,달서구지회,용산2차서한화성,대구광역시 달서구 용산큰못길30
171,달서구지회,용산동서우방,대구광역시 달서구 장산로20
172,달서구지회,성서주공6,대구광역시 달서구 성지로35
173,달서구지회,용산우방미진태왕타운,대구광역시 달서구 용산서로21
174,달서구지회,한마음타운,대구광역시 달서구 선원남로151
175,달서구지회,대곡청구제네스,대구광역시 달서구 상화로90
176,달서구지회,상인2동,대구광역시 달서구 월곡로53서길70
177,달서구지회,미리샘마을,대구광역시 달서구 한실로134
178,달서구지회,월성주공5,대구광역시 달서구 구마로12길89
179,달서구지회,청구그린3차,대구광역시 달서구 구마로36길33
180,달서구지회,청구그린2차,대구광역시 달서구 구마로36길20
181,달서구지회,본동,대구광역시 달서구 와룡로4길19
182,달서구지회,송현제림타운,대구광역시 달서구 구마로52안길57
183,달서구지회,송현우방,대구광역시 달서구 송현로103
184,달서구지회,구암,대구광역시 달서구 월배로75길50-12
185,달서구지회,청구그린1,대구광역시 달서구 구마로40길21
186,달서구지회,서부분회,대구광역시 달서구 송현로161
187,달서구지회,월성분회,대구광역시 달서구 송현로16길43
188,달서구지회,장관빌라,대구광역시 달서구 중흥로68
189,달서구지회,송곡,대구광역시 달서구 앞산순환로61길14
190,달서구지회,송영,대구광역시 달서구 중흥로16길84-12
191,달서구지회,송공,대구광역시 달서구 월배로68안길43-7
192,달서구지회,해맞이타운,대구광역시 달서구 월배로420
193,달서구지회,대곡강산타운,대구광역시 달서구 도원로45
194,달서구지회,대곡사계절,대구광역시 달서구 한실로117
195,달서구지회,나래마을,대구광역시 달서구 한실로29
196,달서구지회,가람마을2,대구광역시 달서구 한실로135
197,달서구지회,아람마을,대구광역시 달서구 한실로30
198,달서구지회,가람마을1,대구광역시 달서구 한실로135
199,달서구지회,한실들마을2,대구광역시 달서구 한실로49
200,달서구지회,한실들마을1,대구광역시 달서구 한실로49
201,달서구지회,별메마을,대구광역시 달서구 도원로46
202,달서구지회,산새마을,대구광역시 달서구 도원남로40
203,달서구지회,도원,대구광역시 달서구 수밭길45-13
204,달서구지회,채정,대구광역시 달서구 월곡로130
205,달서구지회,상인평광,대구광역시 달서구 상인서로3
206,달서구지회,비둘기아파트,대구광역시 달서구 상화로373
207,달서구지회,비둘기할머니,대구광역시 달서구 상화로371
208,달서구지회,장미3단지,대구광역시 달서구 상화로370
209,달서구지회,장미4단지,대구광역시 달서구 상화로380
210,달서구지회,상인제림,대구광역시 달서구 상화북로196
211,달서구지회,상인은행,대구광역시 달서구 월곡로112
212,달서구지회,월상,대구광역시 달서구 상원로13길23-17
213,달서구지회,상인동화아이위시,대구광역시 달서구 월곡로171
214,달서구지회,삼미타운,대구광역시 달서구 월배로34길27
215,달서구지회,청자,대구광역시 달서구 상화북로117
216,달서구지회,한양은하,대구광역시 달서구 상화북로137
217,달서구지회,산호타운,대구광역시 달서구 상화북로159
218,달서구지회,서한이다음레이크뷰,대구광역시 달서구 상화로58길 35
219,달서구지회,낙원,대구광역시 달서구 월곡로45길49
220,달서구지회,진천코오롱하늘채,대구광역시 달서구 상화로65
221,달서구지회,월곡,대구광역시 달서구 월곡로27길 30 상인2동 (상인동)
222,달서구지회,월평,대구광역시 달서구 월배로42길20
223,달서구지회,상인청구,대구광역시 달서구 상인로105
224,달서구지회,성지맨션,대구광역시 달서구 상화북로195
225,달서구지회,상인우방,대구광역시 달서구 상인서로65
226,달서구지회,상인서한,대구광역시 달서구 상인서로46
227,달서구지회,동화태왕한양,대구광역시 달서구 상인서로94
228,달서구지회,보성은하타운,대구광역시 달서구 월곡로320
229,달서구지회,상인동방현대,대구광역시 달서구 상인서로85
230,달서구지회,상인보성,대구광역시 달서구 상인서로75
231,달서구지회,상인동서,대구광역시 달서구 상인서로39
232,달서구지회,영남화성,대구광역시 달서구 상인서로76
233,달서구지회,대곡한라하우젠트,대구광역시 달서구 비슬로2724
234,달서구지회,월촌,대구광역시 달서구 상인서로10길42-1
235,달서구지회,달맞이맨션,대구광역시 달서구 월배로30
236,달서구지회,세광그린맨션,대구광역시 달서구 진천로7길47
237,달서구지회,유천화성타운,대구광역시 달서구 비슬로2731
238,달서구지회,진천제림하나로,대구광역시 달서구 상화로21길55
239,달서구지회,현대2차,대구광역시 달서구 월배로14길43
240,달서구지회,진천,대구광역시 달서구 상화북로46-1
241,달서구지회,진천청구,대구광역시 달서구 진천로41
242,달서구지회,월배동화타운,대구광역시 달서구 상화로24
243,달서구지회,대곡우방,대구광역시 달서구 비슬로538길22
244,달서구지회,진천우방,대구광역시 달서구 진천로4길39
245,달서구지회,진천현대,대구광역시 달서구 상화북로5길39
246,달서구지회,대곡청구,대구광역시 달서구 상화로8길26
247,달서구지회,진천귀빈2차,대구광역시 달서구 월배로32안길66
248,달서구지회,대곡금강2,대구광역시 달서구 비슬로540길14
249,달서구지회,대곡금강,대구광역시 달서구 비슬로540길38
250,달서구지회,삼정브리티시용산,대구광역시 달서구 달구벌대로1530
251,달서구지회,동백만수당,대구광역시 달서구 월배로32안길35
252,달서구지회,귀빈,대구광역시 달서구 월배로32안길61
253,달서구지회,신정,대구광역시 달서구 상화로9길81-17
254,달서구지회,대곡,대구광역시 달서구 한실로6길 103 (대곡동)
255,달서구지회,월진,대구광역시 달서구 월배로117
256,달서구지회,월배,대구광역시 달서구 상화로7길121
257,달서구지회,월성주공4,대구광역시 달서구 구마로14남길55
258,달서구지회,서한타운,대구광역시 달서구 학산로15
259,달서구지회,2차보성,대구광역시 달서구 학산로7길27
260,달서구지회,월성동서,대구광역시 달서구 학산로7길5
261,달서구지회,월성백일주공1,대구광역시 달서구 월곡로94길30
262,달서구지회,월성영남,대구광역시 달서구 학산로2길39
263,달서구지회,월성청구,대구광역시 달서구 학산로2길24
264,달서구지회,월성우방,대구광역시 달서구 학산로2길11
265,달서구지회,1차보성,대구광역시 달서구 학산로30
266,달서구지회,월성화성,대구광역시 달서구 학산로2길27
267,달서구지회,율지,대구광역시 달서구 달구벌대로1312-8
268,달서구지회,조암,대구광역시 달서구 조암남로14안길40
269,달서구지회,월배쌍용예가,대구광역시 달서구 조암남로32길13
270,달서구지회,성산,대구광역시 달서구 서당로3길19-10
271,달서구지회,와룡,대구광역시 달서구 성서서로75길17-7
272,달서구지회,오정,대구광역시 달서구 성서서로73길57
273,달서구지회,성서주공2단지,대구광역시 달서구 신당로55
274,달서구지회,삼우,대구광역시 달서구 서당로7길33-16
275,달서구지회,신당,대구광역시 달서구 서당로12길15
276,달서구지회,장기초록나라,대구광역시 달서구 한들로55
277,달서구지회,산호,대구광역시 달서구 달구벌대로203길3
278,달서구지회,이곡,대구광역시 달서구 이곡공원로1길7
279,달서구지회,한빛마을,대구광역시 달서구 선원남로99
280,달서구지회,성서무지개타운,대구광역시 달서구 선원로171
281,달서구지회,성서2차화성타운,대구광역시 달서구 성서동로355-20
282,달서구지회,성서푸른마을,대구광역시 달서구 선원로187
283,달서구지회,성서한샘타운,대구광역시 달서구 선원남로77
284,달서구지회,성서동서화성,대구광역시 달서구 이곡공원로33
285,달서구지회,이곡서한2차,대구광역시 달서구 선원로122
286,달서구지회,성서주공4,대구광역시 달서구 성서동로355-27
287,달서구지회,동서서한,대구광역시 달서구 선원로100
288,달서구지회,성서우방,대구광역시 달서구 계대동문로123
289,달서구지회,청남타운,대구광역시 달서구 성서서로330
290,달서구지회,성서보성화성,대구광역시 달서구 계대동문로99
291,달서구지회,대백창신한라,대구광역시 달서구 성서서로316
292,달서구지회,와룡타운,대구광역시 달서구 이곡동로32
293,달서구지회,성서,대구광역시 달서구 성서로72길97-13
294,달서구지회,궁전,대구광역시 달서구 장기로227(금강아파트103호)
295,달서구지회,성서2차영남우방,대구광역시 달서구 이곡공원로83
296,달서구지회,성서주공8,대구광역시 달서구 성지로42
297,달서구지회,성서주공7,대구광역시 달서구 성지로12
298,달서구지회,성서주공6-1,대구광역시 달서구 성지로35
299,달서구지회,성서주공5,대구광역시 달서구 선원남로181
300,달서구지회,성서2차보성,대구광역시 달서구 선원로241
301,달서구지회,용산새동네,대구광역시 달서구 성지로16길45
302,달서구지회,성서청구타운,대구광역시 달서구 성지로75
303,달서구지회,성서1차영남우방,대구광역시 달서구 성지로11
304,달서구지회,우방죽전타운,대구광역시 달서구 용산로160
305,달서구지회,용산우방,대구광역시 달서구 용산로174
306,달서구지회,성서보람타운,대구광역시 달서구 새동네로34
307,달서구지회,성서용산,대구광역시 달서구 성서동로350
308,달서구지회,용산,대구광역시 달서구 와룡로57길100
309,달서구지회,장기동,대구광역시 달서구 문화회관2길18
310,달서구지회,서촌,대구광역시 달서구 새방로23-16
311,달서구지회,감삼농림,대구광역시 달서구 당산로41서길22-5
312,달서구지회,청학정,대구광역시 달서구 달구벌대로323길39
313,달서구지회,춘추,대구광역시 달서구 와룡로49길18-17
314,달서구지회,죽전,대구광역시 달서구 와룡로52안길45
315,달서구지회,감삼제2,대구광역시 달서구 감삼1길96
316,달서구지회,감삼제1,대구광역시 달서구 감삼남6길41-1
317,달서구지회,솔고개,대구광역시 달서구 월배로67안길14
318,달서구지회,수림원,대구광역시 달서구 감삼길71-18
319,달서구지회,구마아파트여자,대구광역시 달서구 대명천로51길56
320,달서구지회,삼리,대구광역시 달서구 와룡로24길 34 (본리동)
321,달서구지회,장기주공아파트,대구광역시 달서구 용산로88
322,달서구지회,우방아파트,대구광역시 달서구 구마로171
323,달서구지회,비스타,"대구광역시 달서구 대명천로 250 (장기동, 영남 네오빌 비스타)"
324,달서구지회,아카시아,대구광역시 달서구 대명천로153
325,달서구지회,죽전그린빌,대구광역시 달서구 와룡로53길40
326,달서구지회,영남네오빌파크,대구광역시 달서구 한들로36
327,달서구지회,호림,대구광역시 달서구 호산동로35길42-10
328,달서구지회,금봉,대구광역시 달서구 야외음악당로39서길91-10
329,달서구지회,신촌,대구광역시 달서구 밤골4길17
330,달서구지회,대성,대구광역시 달서구 야외음악당로49길49
331,달서구지회,신호,대구광역시 달서구 야외음악당로47길158
332,달서구지회,두류1동,대구광역시 달서구 두류남6길16
333,달서구지회,상이군경회달서,대구광역시 달서구 야외음악당로2길25
334,달서구지회,용산1차서한화성,대구광역시 달서구 장산로10
335,달서구지회,원화,대구광역시 달서구 장기로26길81
336,달서구지회,성당동제2,대구광역시 달서구 야외음악당로9길45
337,달서구지회,라일락,대구광역시 달서구 장기로26길30
338,달서구지회,롯데캐슬레이크,대구광역시 달서구 상화로58길86
339,달서구지회,용산롯데캐슬그랜드,대구광역시 달서구 장산남로33
340,달서구지회,성당,대구광역시 달서구 장기로10안길15
341,달서구지회,성당에덴타운,대구광역시 달서구 성당로33길16
342,달서구지회,성당동제1,대구광역시 달서구 대명천로12안길47
343,달서구지회,삼성,대구광역시 달서구 성당로33안길23
344,달성군지회,서재14리,다사읍궁산2길12 대구광역시 달성군 다사읍 궁산2길 12(메가시티 태왕아너스)
345,달성군지회,용계4리,대구광역시 달성군 가창면 가창로216길51  용계아파트1동111호 달성군 가창면 가창로216길51  용계아파트1동111호
346,달성군지회,매곡19리,대구광역시 달성군 다사읍 다사로 50(죽곡 삼정 그린코아 더 베스트) 대구광역시 달성군 다사읍 다사로 50(죽곡 삼정 그린코아 더 베스트)
347,달성군지회,화산2리,구지면 국가산단북로 34길 10
348,달성군지회,창5리,대구광역시 달성군 구지면 국가산단서로84길 118 달성군 구지면 국가산단서로84길 118
349,달성군지회,응암6리,대구광역시 달성군 구지면 국가산단대로64길 63 (대구국가산단 ZOOM 파크)
350,달성군지회,서부3동,대구광역시 달성군 다사읍 문양역길 17 대구광역시 달성군 다사읍 문양역길 17
351,달성군지회,교항8리,대구광역시 달성군 옥포읍 돌미로6길 5 (옥포지구 서한이다음)
352,달성군지회,대4리,대구광역시 달성군 현풍읍 국가산단대로70길 41 (국가산단 서한이다음 아파트)
353,달성군지회,교항7리,대구광역시 달성군 옥포읍 금계길 12 (대구옥포르상트레빌)
354,달성군지회,죽곡13리,대구광역시 달성군 다사읍 달구벌대로174길 50 대구광역시 달성군 다사읍 달구벌대로174길 50 (협성휴포레·죽곡)
355,달성군지회,가태2리,대구광역시 달성군 유가읍 구례길 113 노인회관
356,달성군지회,금포5리,대구광역시 달성군 논공읍 금포로 75-20 (우신미가뷰 아파트)
357,달성군지회,쌍계4리,대구광역시 달성군 유가읍 테크노순환로 423 대구광역시 달성군 유가읍 테크노순환로 423 (대구테크노폴리스중흥에스-클래스포디움)
358,달성군지회,중1리,현풍중앙로14길76 경로당
359,달성군지회,교항6리,대구광역시 달성군 옥포읍 돌미로8길 19 대구광역시 달성군 옥포읍 돌미로8길 19 (옥포 대성베르힐 6단지)
360,달성군지회,세천7리,대구광역시 달성군 다사읍 세천남로 35 (제일풍경채 프라임)
361,달성군지회,봉4리,대구광역시 달성군 유가읍 테크노상업로 111 대구광역시 달성군 유가읍 테크노상업로 111 (대구테크노폴리스4단지)
362,달성군지회,서재13리,대구광역시 달성군 다사읍 서재로7길 25 대구광역시 달성군 다사읍 서재로7길 25307/2401 (에코폴리스 동화 아이위시 3차)
363,달성군지회,봉6리,대구광역시 달성군 유가읍 테크노대로5길 79 대구광역시 달성군 유가읍 테크노대로5길 79  106/102 (대구테크노폴리스진아리채아파트)
364,달성군지회,천내17리,대구광역시 달성군 화원읍 비슬로 2545 대구광역시 달성군 화원읍 비슬로 2545  103/902 (화원이진캐스빌)
365,달성군지회,죽곡12리,대구광역시 달성군 다사읍 대실역남로 11 대구광역시 달성군 다사읍 대실역남로 11  504/1407 (죽곡청아람5단지)
366,달성군지회,응암2리,대구광역시 달성군 구지면 과학마을로 31 대구광역시 달성군 구지면 과학마을로 31
367,달성군지회,매곡17리,다사읍대실역북로5길46-5 .
368,달성군지회,응암3리,구지면과학마을로3길14 (반도유보라) 경로당
369,달성군지회,중11리,현풍면테크노북로2길9 경로당
370,달성군지회,본리5리,옥포면비슬로447길56 .
371,달성군지회,교항4리,옥포면비슬로2001 .
372,달성군지회,봉10리,유가면테크노대로5길80 경로당
373,달성군지회,봉9리,유가면테크노대로165 경로당
374,달성군지회,응암5리,구지면과학마을로70 경로당
375,달성군지회,중7리,현풍면테크노북로4길11 .
376,달성군지회,봉2리,유가면테크노북로165 경로당
377,달성군지회,서재12리,다사읍서재로7길23 .
378,달성군지회,세천2리,다사읍세천로187 경로당
379,달성군지회,창1리,구지면창리로59 .
380,달성군지회,세천3리,다사읍세천로160 북죽곡엠코
381,달성군지회,중10리,현풍면테크노상업로49 경로당
382,달성군지회,교항5리,옥포면돌미로70 .
383,달성군지회,죽곡11리,다사읍대실역남로50 .
384,달성군지회,봉13리,유가면테크노대로195 .
385,달성군지회,중9리,현풍면테크노북로2길30 .
386,달성군지회,봉11리,유가읍테크노대로5길58 경로당
387,달성군지회,봉8리,대구광역시 달성군 유가읍 테크노북로9길 16 (우미린더포레스트)
388,달성군지회,봉7리,유가면테크노대로5길57 .
389,달성군지회,목단2리,구지면구미마을길89-2 .
390,달성군지회,강림5리,옥포면돌미로2길15 경로당
391,달성군지회,서재11리,다사읍서재로12길38 .
392,달성군지회,봉12리,유가면테크노북로9길42 .
393,달성군지회,중8리,현풍면테크노북로2길10 .
394,달성군지회,봉3리,유가면테크노북로164 경로당
395,달성군지회,강림4리,대구광역시 달성군 옥포읍 돌미로 51 (대구옥포LH천년나무2단지)
396,달성군지회,화산1리,대구광역시 달성군 과학북로 25길 30-6
397,달성군지회,가천리,대구광역시 달성군 가천2길 62
398,달성군지회,예현리,대구광역시 달성군 예현 1길 11-9
399,달성군지회,목단1리,대구광역시 달성군 구지남로 57길 1
400,달성군지회,유산리,대구광역시 달성군 유산길 17
401,달성군지회,오설리,대구광역시 달성군 구지서로 60길 62-4
402,달성군지회,징리,대구광역시 달성군 구지서로 10길 62
403,달성군지회,고봉리,대구광역시 달성군 구지동로 10길 3
404,달성군지회,도동2리,대구광역시 달성군 도동절골길 5
405,달성군지회,도동1리,대구광역시 달성군 구지서로 712
406,달성군지회,평촌2리,대구광역시 달성군 구지동로 40길 38-3
407,달성군지회,평촌1리,대구광역시 달성군 구지동로 16길 85
408,달성군지회,창4리,대구광역시 달성군 시장길 34
409,달성군지회,창3리,대구광역시 달성군 창리로 19길 38
410,달성군지회,창2리,대구광역시 달성군 창리서로 6길 4-3
411,달성군지회,수리3리,대구광역시 달성군 과학북로 3길 24-6
412,달성군지회,수리2리,대구광역시 달성군 과학북로 11길 82
413,달성군지회,수리1리,대구광역시 달성군 과학북로 23길 54-3
414,달성군지회,내2리,대구광역시 달성군 구지면 달성2차로 6-28
415,달성군지회,대암2리,대구광역시 달성군 과학남로 24길 18
416,달성군지회,대암1리,대구광역시 달성군 과학남로 53길 5-5
417,달성군지회,응암4리,대구광역시 달성군 과학마을로 2길 6
418,달성군지회,응암1리,대구광역시 달성군 응암길 11
419,달성군지회,구지면분회,대구광역시 달성군 구지시장길 46-8
420,달성군지회,초곡리,대구광역시 달성군 유가북길 222
421,달성군지회,가태1리,대구광역시 달성군 유가읍 가태길 54-1 대구광역시 달성군 유가읍 가태길 54-1
422,달성군지회,음리,대구광역시 달성군 음동길 79
423,달성군지회,양2리,대구광역시 달성군 유가사 1길 3-3
424,달성군지회,양1리,대구광역시 달성군 휴양림2길 25-5
425,달성군지회,용3리,대구광역시 달성군 휴양림길 180-17
426,달성군지회,용2리,대구광역시 달성군 용리길 12
427,달성군지회,도의3리,대구광역시 달성군 도의길 92
428,달성군지회,도의2리,대구광역시 달성군 도의1길 6
429,달성군지회,도의1리,대구광역시 달성군 도의길 93
430,달성군지회,쌍계2리,대구광역시 달성군 테크노순환로 440
431,달성군지회,쌍계1리,대구광역시 달성군 유가북길 46-57
432,달성군지회,본말2리,대구광역시 달성군 유가읍 개실길 68 본말리57
433,달성군지회,본말1리,대구광역시 달성군 달창로 440
434,달성군지회,한정3리,대구광역시 달성군 비슬로 34길 12
435,달성군지회,한정2리,대구광역시 달성군 달창로 25길 40
436,달성군지회,한정1리,대구광역시 달성군 달청로 26길 115
437,달성군지회,유곡2리,대구광역시 달성군 유가길 49
438,달성군지회,유곡1리,대구광역시 달성군 유가길 53
439,달성군지회,유가읍분회,대구광역시 달성군 유가길 49
440,달성군지회,하리,대구광역시 달성군 중앙로 55-1
441,달성군지회,신기리,대구광역시 달성군 학북로 100길 120
442,달성군지회,자모리,대구광역시 달성군 현풍읍 현풍서로91길 46 차창근
443,달성군지회,대3리,대구광역시 달성군 대리길 19
444,달성군지회,대2리,대구광역시 달성군 삼강4길 2
445,달성군지회,대1리,대구광역시 달성군 삼강4길 1
446,달성군지회,지2리,대구광역시 달성군 지동길 128
447,달성군지회,지1리,대구광역시 달성군 지동2길 9
448,달성군지회,오산2리,대구광역시 달성군 현풍서로 71길 105
449,달성군지회,오산1리,대구광역시 달성군 현풍서로 43길 36
450,달성군지회,원교4리,대구광역시 달성군 원교길 18
451,달성군지회,원교3리,대구광역시 달성군 비슬로 120길 13
452,달성군지회,원교2리,대구광역시 달성군 비슬로 130길 30
453,달성군지회,원교1리,대구광역시 달성군 비슬로 128길 26-3
454,달성군지회,성하4리,대구광역시 달성군 비슬로 156길 40
455,달성군지회,성하3리,대구광역시 달성군 비슬로 136길 17
456,달성군지회,성하2리,대구광역시 달성군 성하1길 67-6
457,달성군지회,성하1리,대구광역시 달성군 성하1길 106-5
458,달성군지회,부4리,대구광역시 달성군 현풍동로 29길 19-11
459,달성군지회,부3리,대구광역시 달성군 중앙로 21길 33-6
460,달성군지회,부2리,대구광역시 달성군 현풍동로 27길 51
461,달성군지회,부1리,대구광역시 달성군 중앙로 16길 31
462,달성군지회,중6리,대구광역시 달성군 태크노상업로 33
463,달성군지회,중4리,대구광역시 달성군 달성군 현풍면 중리 96-2 (제일맨션101호)
464,달성군지회,중3리,대구광역시 달성군 중앙로 14길 85
465,달성군지회,중2리,대구광역시 달성군 현풍동로 23
466,달성군지회,상2리,대구광역시 달성군 현풍동로 21길 9
467,달성군지회,상1리,대구광역시 달성군 현풍동로 20길 48
468,달성군지회,현풍면분회,대구광역시 달성군 현풍로 54
469,달성군지회,송촌리,대구광역시 달성군 옥포읍 송촌길 256 배하식
470,달성군지회,신당리,대구광역시 달성군 신당4길 27
471,달성군지회,간경리,대구광역시 달성군 간경길 7
472,달성군지회,기세리,대구광역시 달성군 옥포로 57-17
473,달성군지회,강림3리,대구광역시 달성군 비슬로 1941(허브시티 아파트)
474,달성군지회,강림2리,대구광역시 달성군 시지로 33
475,달성군지회,강림1리,대구광역시 달성군 강림1길 41
476,달성군지회,반송2리,대구광역시 달성군 반송길 103
477,달성군지회,반송1리,대구광역시 달성군 용연사길 35
478,달성군지회,교항3리,대구광역시 달성군 제림길 10
479,달성군지회,교항2리,대구광역시 달성군 금계길 44
480,달성군지회,교항1리,대구광역시 달성군 다리목중앙길 20
481,달성군지회,김흥3리,대구광역시 달성군 능전길 88
482,달성군지회,김흥2리,대구광역시 달성군 옥포로 113길 74
483,달성군지회,김흥1리,대구광역시 달성군 김흥길 66
484,달성군지회,본리4리,대구광역시 달성군 옥포면 본리4리 토지구획
485,달성군지회,본리3리,대구광역시 달성군 본리로 102
486,달성군지회,본리2리,대구광역시 달성군 대방길 5
487,달성군지회,본리1리,대구광역시 달성군 옥포읍 본리로16길 5 -
488,달성군지회,옥포면분회,대구광역시 달성군 비슬로 458길 6-2
489,달성군지회,기곡1리(못안),대구광역시 달성군 기곡3길 35-14
490,달성군지회,기곡2리(상당),대구광역시 달성군 기곡1길 96
491,달성군지회,기곡1리(터개월),대구광역시 달성군 터개월길 29
492,달성군지회,기곡1리,대구광역시 달성군 기곡3길 8
493,달성군지회,묘2리(안곡),대구광역시 달성군 하빈로 87길 93
494,달성군지회,묘2리,대구광역시 달성군 묘동2길 19-1
495,달성군지회,묘1리,대구광역시 달성군 육신사길 26
496,달성군지회,무등2리,대구광역시 달성군 하빈로 120길 94
497,달성군지회,무등1리,대구광역시 달성군 하빈로 140길 52
498,달성군지회,감문2리,대구광역시 달성군 하빈로 24길 73-1
499,달성군지회,감문1리,대구광역시 달성군 하빈로 52길 19
500,달성군지회,하산2리(너울터),대구광역시 달성군 하산2길 37
501,달성군지회,하산2리(수무지),대구광역시 달성군 하빈면 하산길 2
502,달성군지회,하산1리,대구광역시 달성군 하목정길 52
503,달성군지회,대평2리(모산),대구광역시 달성군 하빈로 172길 40
504,달성군지회,대평2리(두천),대구광역시 달성군 하빈로 171-40
505,달성군지회,대평1리,대구광역시 달성군 하빈로 888
506,달성군지회,동곡2리,대구광역시 달성군 달구벌대로 35길 16
507,달성군지회,동곡1리,대구광역시 달성군 하빈남로 37길 26-3
508,달성군지회,현내3리,대구광역시 달성군 하빈로 402-5
509,달성군지회,현내2리,대구광역시 달성군 하빈로 90길 5
510,달성군지회,현내1리,대구광역시 달성군 하빈로 533
511,달성군지회,봉촌1리(수무실),대구광역시 달성군 봉촌2길 19
512,달성군지회,봉촌2리,대구광역시 달성군 하빈남로 77길 4
513,달성군지회,봉촌1리(한실),대구광역시 달성군 봉촌1길 4
514,달성군지회,봉촌1리,대구광역시 달성군 하빈남로 52길 58
515,달성군지회,하빈면분회,대구광역시 달성군 하빈로 84길 23
516,달성군지회,우록2리,대구광역시 달성군 우록길 461
517,달성군지회,우록1리,대구광역시 달성군 우록길 255
518,달성군지회,삼산리(본동),대구광역시 달성군 녹문길 24
519,달성군지회,삼산리(수점),대구광역시 달성군 가창로 58길 12
520,달성군지회,옥분정안,대구광역시 달성군 가창로 75길 6
521,달성군지회,옥분리,대구광역시 달성군 가창로 440
522,달성군지회,단산신서,대구광역시 달성군 단산1길 8
523,달성군지회,단산리,대구광역시 달성군 단산길 97-3
524,달성군지회,상원가재골,대구광역시 달성군 가창로 126길 112-1
525,달성군지회,상원1리,대구광역시 달성군 가창로 126길 182
526,달성군지회,주2리(중주리),대구광역시 달성군 주리1길 136
527,달성군지회,주2리(내주리),대구광역시 달성군 주리2길 124
528,달성군지회,주1리,대구광역시 달성군 주리길 14
529,달성군지회,대일2리,대구광역시 달성군 원정길 183-3
530,달성군지회,대일1리,대구광역시 달성군 가창로 126길 3
531,달성군지회,행정2리,대구광역시 달성군 가창면 흥덕길 24
532,달성군지회,행정1리,대구광역시 달성군 가창동로 122-18
533,달성군지회,냉천2리,대구광역시 달성군 가창동로 1길 22
534,달성군지회,냉천1리,대구광역시 달성군 가창로 761
535,달성군지회,정대2리,대구광역시 달성군 헐티로 2길 2
536,달성군지회,정대매계,대구광역시 달성군 헐티로 180-2
537,달성군지회,정대1리,대구광역시 달성군 헐티로 498
538,달성군지회,오2리,대구광역시 달성군 헐티로 11길 90
539,달성군지회,오1리,대구광역시 달성군 헐티로 10길 27
540,달성군지회,용계7리,대구광역시 달성군 가창로 216길 55
541,달성군지회,용계6리,대구광역시 달성군 가창로 216길 25
542,달성군지회,용계5리,대구광역시 달성군 가창로 1008
543,달성군지회,"용계1,2리",대구광역시 달성군 가창로 22길 2
544,달성군지회,가창면분회,대구광역시 달성군 가창로 220길 2
545,달성군지회,부곡리(새터),대구광역시 달성군 부곡2길 7-1
546,달성군지회,부곡리(가마실),대구광역시 달성군 달구벌대로 109길 8
547,달성군지회,문양1리(용두골),대구광역시 달성군 달구벌대로 77길 114
548,달성군지회,문양2리(윗서부실),대구광역시 달성군 문양역 5길 172
549,달성군지회,문양2리(장귀미),대구광역시 달성군 장귀미길 50
550,달성군지회,문양2리(아랫서부실),대구광역시 달성군 문양역 5길 99
551,달성군지회,문산리,대구광역시 달성군 달구벌대로 92길 56
552,달성군지회,세천1리,대구광역시 달성군 세천본길 18-4
553,달성군지회,이천리,대구광역시 달성군 다사로 71길 26-8
554,달성군지회,박곡리,대구광역시 달성군 다사로 109길 41
555,달성군지회,달천리,대구광역시 달성군 다사로 97길 12
556,달성군지회,죽곡9리,대구광역시 달성군 대실남로 35
557,달성군지회,죽곡8리,대구광역시 달성군 대실역남로 33
558,달성군지회,죽곡7리,대구광역시 달성군 대실역남로 93
559,달성군지회,죽곡6리,대구광역시 달성군 죽곡1길 42
560,달성군지회,죽곡5리,대구광역시 달성군 달구벌대로 812
561,달성군지회,죽곡4리,대구광역시 달성군 죽곡2길 6
562,달성군지회,죽곡3리,대구광역시 달성군 달구벌대로 842-7
563,달성군지회,죽곡2리,대구광역시 달성군 강정길 30
564,달성군지회,죽곡1리,대구광역시 달성군 달구벌대로 174길 18
565,달성군지회,매곡18리,대구광역시 달성군 대실역북로 16
566,달성군지회,매곡16리,대구광역시 달성군 매곡로 4길 9
567,달성군지회,매곡15리,대구광역시 달성군 다사역로 60
568,달성군지회,매곡14리,대구광역시 달성군 대실역북로 26
569,달성군지회,매곡13리,대구광역시 달성군 대실역북로 38
570,달성군지회,매곡12리,대구광역시 달성군 대실역북로 55
571,달성군지회,매곡11리,대구광역시 달성군 대실역북로 1길 6
572,달성군지회,매곡10리,대구광역시 달성군 왕선 26길
573,달성군지회,매곡9리(주공2),대구광역시 달성군 매곡로 14길 13
574,달성군지회,매곡9리,대구광역시 달성군 매곡로 14길 13
575,달성군지회,매곡8리,대구광역시 달성군 달구벌대로 802-1
576,달성군지회,매곡7리,대구광역시 달성군 달구벌대로 786
577,달성군지회,매곡6리,대구광역시 달성군 달구벌대로 770
578,달성군지회,매곡5리,대구광역시 달성군 달구벌대로 802-1
579,달성군지회,매곡4리,대구광역시 달성군 달구벌대로 790
580,달성군지회,매곡3리,대구광역시 달성군 왕선로 49
581,달성군지회,매곡연화리,대구광역시 달성군 달구벌대로 126길 58-1
582,달성군지회,매곡2리,대구광역시 달성군 다사로 4길 1-16
583,달성군지회,매곡1리,대구광역시 달성군 매곡로 4길 6-5
584,달성군지회,서재10리,대구광역시 달성군 서재로 14길 2
585,달성군지회,서재9리,대구광역시 달성군 서재로 24길 29
586,달성군지회,서재8리,대구광역시 달성군 서재로 27길 42
587,달성군지회,서재7리,대구광역시 달성군 서재로 12길 41-16
588,달성군지회,서재6리,대구광역시 달성군 서재로 28길 39
589,달성군지회,서재5리,대구광역시 달성군 서재로 30길 7
590,달성군지회,서재4리,대구광역시 달성군 서재로 30길 17
591,달성군지회,서재3리,대구광역시 달성군 서재로 120
592,달성군지회,서재2리,대구광역시 달성군 서제로 18길 5
593,달성군지회,서재1리,대구광역시 달성군 서재본2길 3
594,달성군지회,다사읍분회,대구광역시 달성군 매곡로 12길 37
595,달성군지회,남9리,대구광역시 달성군 중앙로 22길
596,달성군지회,남8리,대구광역시 달성군 남리길 48
597,달성군지회,남7리,대구광역시 달성군 남리길 7
598,달성군지회,남6리,대구광역시 달성군 논공중앙로 22길 36
599,달성군지회,남5리,대구광역시 달성군 논공로 9길 39
600,달성군지회,남4리,대구광역시 달성군 논공로 7길 55
601,달성군지회,남3리,대구광역시 달성군 사촌길 16-5
602,달성군지회,남2리,대구광역시 달성군 논공로 7길 30-9
603,달성군지회,남1리,대구광역시 달성군 남리길 40-10
604,달성군지회,북7리,대구광역시 달성군 논공로 23길 14
605,달성군지회,북6리,대구광역시 달성군 용호로 2갈 27
606,달성군지회,북5리,대구광역시 달성군 논공로 7길 83
607,달성군지회,북4리,대구광역시 달성군 논공로 21길 15
608,달성군지회,북3리,대구광역시 달성군 용호로 6
609,달성군지회,북2리,대구광역시 달성군 논공로 15길 22
610,달성군지회,북1리,대구광역시 달성군 논공로 23길
611,달성군지회,위천2리,대구광역시 달성군 비슬로 306길 1-16
612,달성군지회,위천1리,대구광역시 달성군 위천1길 6
613,달성군지회,삼리3리,대구광역시 달성군 비슬로 326길 13
614,달성군지회,삼리2리,대구광역시 달성군 안씩실길 61-1
615,달성군지회,삼리1리,대구광역시 달성군 삼리1길 14
616,달성군지회,하2리,대구광역시 달성군 약산덧재길 218
617,달성군지회,하1리,대구광역시 달성군 약산덧재길 2
618,달성군지회,상2리,대구광역시 달성군 중동길 33
619,달성군지회,상1리,대구광역시 달성군 비슬로 262길 118
620,달성군지회,금포4리,대구광역시 달성군 비슬로 350길 58
621,달성군지회,금포3리,대구광역시 달성군 강림1길 42
622,달성군지회,금포2리,대구광역시 달성군 비슬로 359길 33
623,달성군지회,금포1리,대구광역시 달성군 세터길 23
624,달성군지회,노이3리,대구광역시 달성군 노이1길 47-1
625,달성군지회,노이2리,대구광역시 달성군 노이길 205
626,달성군지회,노이1리,대구광역시 달성군 노이길 408
627,달성군지회,논공읍분회,대구광역시 달성군 비슬로 1778
628,달성군지회,본리6리,대구광역시 달성군 성암로 25
629,달성군지회,본리5리,대구광역시 달성군 명천로 57
630,달성군지회,본리4리,대구광역시 달성군 비슬로 27-52
631,달성군지회,본리3리,대구광역시 달성군 비슬로 2674
632,달성군지회,본리2리,대구광역시 달성군 마비정길 268
633,달성군지회,본리1리,대구광역시 달성군 인흥2길 91
634,달성군지회,명곡7리,대구광역시 달성군 명천로 243
635,달성군지회,명곡6리,대구광역시 달성군 화암로 120
636,달성군지회,명곡5리,대구광역시 달성군 명곡로 30
637,달성군지회,명곡4리,대구광역시 달성군 명천로 231
638,달성군지회,명곡3리,대구광역시 달성군 명곡로 11
639,달성군지회,명곡2리,대구광역시 달성군 비슬로 508-4
640,달성군지회,명곡1리,대구광역시 달성군 명곡로 22길 12
641,달성군지회,설화2리,대구광역시 달성군 비슬로 491길 13
642,달성군지회,설화1리,대구광역시 달성군 류목정길 42
643,달성군지회,성산6리,대구광역시 달성군 사문진로 349
644,달성군지회,성산5리,대구광역시 달성군 성화로 4길 13
645,달성군지회,성산4리,대구광역시 달성군 성화로 6길 5
646,달성군지회,성산3리,대구광역시 달성군 사문진로 1길 6
647,달성군지회,성산2리,대구광역시 달성군 성천로 10길 16
648,달성군지회,성산1리,대구광역시 달성군 사문진로 319-1
649,달성군지회,구라9리,대구광역시 달성군 비슬로 539길 38
650,달성군지회,구라8리,대구광역시 달성군 비슬로 539길 35
651,달성군지회,구라7리,대구광역시 달성군 비슬로 539길 5
652,달성군지회,구라6리,대구광역시 달성군 비슬로 539
653,달성군지회,구라5리,대구광역시 달성군 비슬로 2715
654,달성군지회,구라4리,대구광역시 달성군 비슬로 2679
655,달성군지회,구라3리,대구광역시 달성군 구라1길 85
656,달성군지회,구라1리,대구광역시 달성군 구라로 산48
657,달성군지회,천내16리,대구광역시 달성군 화원로 3길 66
658,달성군지회,천내15리,대구광역시 달성군 사문진로 6길 17
659,달성군지회,천내14리,대구광역시 달성군 성천로 30길 31
660,달성군지회,천내13리,대구광역시 달성군 화원로 7길 50-21
661,달성군지회,천내12리,대구광역시 달성군 화원로 37
662,달성군지회,천내11리,대구광역시 달성군 화원로 36
663,달성군지회,천내10리,대구광역시 달성군 비슬로 525길 48
664,달성군지회,천내9리,대구광역시 달성군 화원로 26
665,달성군지회,천내8리,대구광역시 달성군 비슬로 625길 37
666,달성군지회,천내7리,대구광역시 달성군 비슬로 523길 8-12
667,달성군지회,천내6리,대구광역시 달성군 비슬로 525길 2
668,달성군지회,천내5리,대구광역시 달성군 비슬로 525길 21
669,달성군지회,천내4리,대구광역시 달성군 화원로 10
670,달성군지회,천내3리,대구광역시 달성군 명천로 19길 29-3
671,달성군지회,천내2리,대구광역시 달성군 인흥길 17-8
672,달성군지회,천내1리,대구광역시 달성군 명천로 33길 12
673,달성군지회,화원읍분회,대구광역시 달성군 명천로 171
674,동구지회,동대구우방아이유쉘,"대구광역시 동구 송라로32길 32 (신암동, 동대구 우방 아이유쉘)"
675,동구지회,이안센트럴D,"대구광역시 동구 동대구로 577 (신암동, 이안센트럴D)"
676,동구지회,동대구역우방아이유쉘,"대구광역시 동구 동부로 115 (신천동, 동대구역우방아이유쉘)"
677,동구지회,각산서한이다음,"대구광역시 동구 반야월북로 167 (각산동, 각산서한이다음)"
678,동구지회,에일린의뜰,"대구광역시 동구 아양로9길 35 (신암동, 동대구 에일린의 뜰)"
679,동구지회,방촌세영리첼,"대구광역시 동구 동촌로 260 (방촌동, 방촌역세영리첼아파트)"
680,동구지회,이시아폴리스협성휴포레,"대구광역시 동구 팔공로 260 (봉무동, 협성휴포레 이시아폴리스)"
681,동구지회,뉴웰시티,"대구광역시 동구 동화천로77길 30 (지묘동, LH뉴웰시티)"
682,동구지회,율하시티프라디움,"대구광역시 동구 반야월로 35 용계동,율하시티프라디움 (용계동, 율하 시티프라디움)"
683,동구지회,괴전,대구광역시 동구 반야월북로 348-2 (괴전동)
684,동구지회,혁신서한e스테이,"대구광역시 동구 혁신대로 504 (사복동, 서한e스테이)"
685,동구지회,대구연경LH천년나무2단지,"대구광역시 동구 연경지묘로 153 (지묘동, 대구연경엘에이치천년나무2단지)"
686,동구지회,대구혁신제일,"대구광역시 동구 이노밸리로29길 34 (각산동, 대구혁신도시 서한이다음 2차 아파트)"
687,동구지회,이안동대구,"대구광역시 동구 송라로28길 14 (신암동, 이안동대구)"
688,동구지회,동대구 반도유보라,"대구광역시 동구 송라로16길 11 (신천동, 동대구반도유보라)"
689,동구지회,대구혁신도시서한이다음3차,"대구광역시 동구 혁신대로 443 대구혁신도시서한이다음3차 (대림동, 대구혁신도시 서한이다음 3차)"
690,동구지회,율하휴먼시아8단지,"대구광역시 동구 안심로22길 75 율하휴먼시아8단지경로당 (율하동, 율하 휴먼시아8단지)"
691,동구지회,대구혁신센텀힐즈,"대구광역시 동구 혁신대로 450 (대림동, 대구혁신센텀힐즈)"
692,동구지회,태왕아너스 르네상스,"대구광역시 동구 동촌로 100 (검사동, 태왕아너스 르네상스)"
693,동구지회,율하롯데캐슬 탑클래스,"대구광역시 동구 율하서로 23, 율하롯데캐슬 탑클래스"
694,동구지회,대구혁신LH4단지,대구광역시 동구 경안로 956 대구혁신LH4단지
695,동구지회,율하역엘크루,대구광역시 동구 안심로 7길7 율하역엘크루
696,동구지회,태정,대구광역시 동구 팔공산로 1166
697,동구지회,옥정,대구광역시 동구 내동로67
698,동구지회,진인2동,대구광역시 동구 인산로67
699,동구지회,팔공보성3차A,대구광역시 동구 파계로71
700,동구지회,태왕그린힐즈A,대구광역시 동구 파계로46
701,동구지회,화성명산A,대구광역시 동구 파계로22길 7
702,동구지회,왕산우방A,대구광역시 동구 파계로6길 30
703,동구지회,팔공보성1차A,대구광역시 동구 팔공로 489
704,동구지회,팔공보성2차A,대구광역시 동구 팔공로101길 55
705,동구지회,지묘2,대구광역시 동구 파계로 19길 11
706,동구지회,지묘1동,대구광역시 동구 파계로 16길 29
707,동구지회,중대2동,대구광역시 동구 파계로 558-4
708,동구지회,중대1동,대구광역시 동구 파계로116길 39
709,동구지회,신용2,대구광역시 동구 파계로120길 63
710,동구지회,송정1동,대구광역시 동구 팔공산로 375
711,동구지회,송정2동(당정),대구광역시 동구 팔공산로 23길 76
712,동구지회,덕곡,대구광역시 동구 서촌로 23길 37-1
713,동구지회,신용1,대구광역시 동구 용진길 143
714,동구지회,능성,대구광역시 동구 지경길 21
715,동구지회,도학2동(도장),대구광역시 동구 도장길 69-6
716,동구지회,구암,대구광역시 동구 구암길 48
717,동구지회,진인1동(진정),대구광역시 동구 갓바위로 12길 35
718,동구지회,용수,대구광역시 동구 용천로 282
719,동구지회,신무,대구광역시 동구 용천로 399
720,동구지회,백안,대구광역시 동구 팔공로 207길 47
721,동구지회,미대,대구광역시 동구 팔공로 817
722,동구지회,미곡,대구광역시 동구 용천로 38-7
723,동구지회,도학1동,대구광역시 동구 팔공산로 1467
724,동구지회,내동,대구광역시 동구 내동로 6길 77-15
725,동구지회,안심역우방아이유쉘,대구광역시 동구 금강로 21길 10
726,동구지회,신서혁신LH이노힐즈,대구광역시 동구 메디밸리로35
727,동구지회,신서행복주택천년나무10단지,대구광역시 동구 메디밸리로18
728,동구지회,성지아파트,대구광역시 동구 반야월북로 155
729,동구지회,혁신LH천년나무13.14단지,대구광역시 동구 초례로 66
730,동구지회,대구혁신LH천년나무6단지,대구광역시 동구 과학로23
731,동구지회,혁신LH천년나무3단지,대구광역시 동구 과학로13길 30
732,동구지회,신서화성파크드림,대구광역시 동구 반야월북로221
733,동구지회,신서퀸덤아파트,대구광역시 동구 신서로 72
734,동구지회,각산푸르지오2단지,대구광역시 동구 경안로 822
735,동구지회,각산태영데시앙,대구광역시 동구 반야월북로 123
736,동구지회,내곡,대구광역시 동구 노실길 142
737,동구지회,신일해피트리,대구광역시 동구 반야월로 370
738,동구지회,롯데캐슬레전드,대구광역시 동구 안심로73길 22
739,동구지회,상록아이투빌,대구광역시 동구 동호로47
740,동구지회,금강,대구광역시 동구 금강로 235
741,동구지회,숙천,대구광역시 동구 숙천로 2길 13-5
742,동구지회,송정,대구광역시 동구 안심로 90길 17-1
743,동구지회,영조아름다운나날2단지A,대구광역시 동구 동호로 88
744,동구지회,영조아름다운나날3단지A,대구광역시 동구 동호로 132
745,동구지회,영조아름다운나날1단지A,대구광역시 동구 안심로 402
746,동구지회,신서그린빌,대구광역시 동구 반야월북로 251
747,동구지회,동화해오름타운A,"대구광역시 동구 동호로 89, 204호"
748,동구지회,대경넥스빌A,대구광역시 동구 안심로 400
749,동구지회,신서청구A,대구광역시 동구 반야월북로55길 19
750,동구지회,녹원맨션,대구광역시 동구 반야월북로 269
751,동구지회,금강진우금탑A,대구광역시 동구 반야월북로 175
752,동구지회,안심효성A,대구광역시 동구 경안로 809
753,동구지회,서호할머니,대구광역시 동구 안심로43길 20
754,동구지회,서호1,대구광역시 동구 안심로41길 50-10
755,동구지회,서호제2,대구광역시 동구 안심로51길 14
756,동구지회,동호,대구광역시 동구 반야월로 220-1
757,동구지회,용호,대구광역시 동구 화랑로93길 23-1
758,동구지회,율암,대구광역시 동구 반야월북로12길 32
759,동구지회,용계타운A,대구광역시 동구 반야월로6길 20
760,동구지회,강변동서마을A,대구광역시 동구 화랑로100길 17
761,동구지회,용계2,대구광역시 동구 화랑로108길 19
762,동구지회,용계1,대구광역시 동구 용계로3길 16
763,동구지회,백자맨션A,대구광역시 동구 동촌로 346
764,동구지회,매여,대구광역시 동구 매여로8길 41
765,동구지회,율하우방아이유쉘,대구광역시 동구 금호강변로3길 22
766,동구지회,세계육상선수촌2단지,대구광역시 동구 안심로 16길71
767,동구지회,세계육상선수촌1단지,대구광역시 동구 율하서로 85
768,동구지회,율하휴먼시아12단지,대구광역시 동구 금호강변로 315
769,동구지회,율하센터럴파크9단지,대구광역시 동구 안심로22길 76
770,동구지회,율하리버파크,대구광역시 동구 율하동로 19
771,동구지회,율하휴먼시아10단지,대구광역시 동구 율하동로 8길 16
772,동구지회,율하휴먼시아15단지,대구광역시 동구 금호강변로 3길 9
773,동구지회,SM안아주A,대구광역시 동구 안심로 16길 29
774,동구지회,율하휴먼시아7단지A,대구광역시 동구 안심로 22길 55
775,동구지회,율하휴먼시아6단지A,대구광역시 동구 안심로 16길 45
776,동구지회,율하휴먼시아5단지A,대구광역시 동구 율하서로 59
777,동구지회,율하안심주공4단지,대구광역시 동구 율하동로 73
778,동구지회,율하뜨란채,대구광역시 동구 율하동로 67
779,동구지회,율하(안심1동),대구광역시 동구 반야월로 22길 20-2
780,동구지회,안심화성A,대구광역시 동구 율하동로 20길 20
781,동구지회,천일맨션,대구광역시 동구 율하동로 24길 14
782,동구지회,신기,대구광역시 동구 반야월로 28길 49-3
783,동구지회,모란3차A,대구광역시 동구 율하동로 20길 31
784,동구지회,모란2차A,대구광역시 동구 율하동로 20길 30
785,동구지회,모란1차A,대구광역시 동구 율하동로 20길 40
786,동구지회,보성동원타운,대구광역시 동구 안심로 41길 21
787,동구지회,신덕,대구광역시 동구 신덕로 5길 50
788,동구지회,신평,대구광역시 동구 신평로 16길 57-13
789,동구지회,월천,대구광역시 동구 부동길 45
790,동구지회,부동,대구광역시 동구 부동길 183
791,동구지회,명당,대구광역시 동구 옻골로 38
792,동구지회,대암(둔산),대구광역시 동구 둔산로 328
793,동구지회,상동,대구광역시 동구 옻골로 20길 31
794,동구지회,둔산,대구광역시 동구 둔산로 51길 140
795,동구지회,방촌제5,대구광역시 동구 방촌로 1길 138-6
796,동구지회,방촌제3,대구광역시 동구 방촌로 1길 102
797,동구지회,방촌제2,대구광역시 동구 둔산로 45길 12-1
798,동구지회,동명,대구광역시 동구 동촌로 58길 20
799,동구지회,무궁화A,대구광역시 동구 동촌로 222
800,동구지회,방촌청구타운,대구광역시 동구 화랑로 73길 36
801,동구지회,영남네오빌1차,대구광역시 동구 동촌로 190
802,동구지회,방촌현대A,대구광역시 동구 화랑로 91길 7
803,동구지회,영남네오빌2차A,대구광역시 동구 동촌로 42길 63
804,동구지회,우방강촌2차,대구광역시 동구 화랑로 80길 9
805,동구지회,방촌우방맨션A,대구광역시 동구 화랑로 407
806,동구지회,보성강남A,대구광역시 동구 화랑로 88길 30
807,동구지회,방촌제1,대구광역시 동구 동촌로 46길 40
808,동구지회,우방강촌마을1차 A,대구광역시 동구 화랑로 80길 8
809,동구지회,강변2차A,대구광역시 동구 동촌로 56길 36
810,동구지회,강변1차A,대구광역시 동구 동촌로 54길 13
811,동구지회,입석제2,대구광역시 동구 입석로3길 14-1
812,동구지회,금사리하이빌,대구광역시 동구 해동로 254
813,동구지회,문화A,대구광역시 동구 동촌로 14길 14
814,동구지회,검사제2,대구광역시 동구 방촌로 1길 19
815,동구지회,검사제1,대구광역시 동구 해동로 178
816,동구지회,동촌화성타운A,대구광역시 동구 동촌로 6길 3
817,동구지회,입석동,대구광역시 동구 동촌로 1길 26
818,동구지회,제림햇빛촌A,대구광역시 동구 공항로 52길 28
819,동구지회,부민스위트빌,대구광역시 동구 해동로 2길 37
820,동구지회,지저팔공A,대구광역시 동구 해동로 54
821,동구지회,지저,대구광역시 동구 해동로 2길 34
822,동구지회,공항,대구광역시 동구 공항로 51길 12-4
823,동구지회,강산A,대구광역시 동구 해동로 5길 23
824,동구지회,이시아폴리스더샾4차,대구광역시 동구 팔공로 53길 40
825,동구지회,이시아폴리스더샾3차,대구광역시 동구 팔공로 51길 10
826,동구지회,이시아폴리스더샾2차,대구광역시 동구 팔공로 274
827,동구지회,이시아폴리스더샾1차,대구광역시 동구 팔공로53길 10
828,동구지회,봉무,대구광역시 동구 팔공로 333-12
829,동구지회,에덴공항2차A,대구광역시 동구 팔공로 33길 10
830,동구지회,제림빌리지A,대구광역시 동구 해동로 6길 37
831,동구지회,불로강변타운A,대구광역시 동구 방천로 3길 30
832,동구지회,해서,대구광역시 동구 팔공로34길 1-2
833,동구지회,에덴공항A,대구광역시 동구 팔공로 29길 10
834,동구지회,불로제1,대구광역시 동구 방천로 2길 6
835,동구지회,불로우방A,대구광역시 동구 공항로 150
836,동구지회,불로,대구광역시 동구 팔공로 23길 15
837,동구지회,봉무청구새들,대구광역시 동구 팔공로 322-5
838,동구지회,향산,대구광역시 동구 도평로 51길 10
839,동구지회,에덴공항3차A,대구광역시 동구 팔공로 26길 49
840,동구지회,도동제2,대구광역시 동구 팔공로 26길 46
841,동구지회,도동제1(도평동제1),대구광역시 동구 도평로 121
842,동구지회,평광,대구광역시 동구 도평로 116길 18-3
843,동구지회,태왕메트로시티A,대구광역시 동구 동북로 500
844,동구지회,소목골,대구광역시 동구 효신로 8길 48
845,동구지회,효목제일,대구광역시 동구 화랑로 19길 97
846,동구지회,새마을,대구광역시 동구 화랑로 27길 24
847,동구지회,강나루타운A,대구광역시 동구 효동로 108
848,동구지회,진로이스트타운 1차,대구광역시 동구 아양로 218
849,동구지회,효일(효목1),대구광역시 동구 효동로 114-1
850,동구지회,효목,대구광역시 동구 화랑로 41길 14
851,동구지회,회관,대구광역시 동구 아양로50길 50-1
852,동구지회,코스모스A,대구광역시 동구 화랑로 11길 26
853,동구지회,신천4동 제2,대구광역시 동구 동부로 32길 47-11
854,동구지회,신천화성파크,대구광역시 동구 송라로10길 34
855,동구지회,신천청아람,대구광역시 동구 송라로 14길 132
856,동구지회,동양상가A,대구광역시 동구 장등로 12
857,동구지회,동대구삼환나우빌,대구광역시 동구 동부로 81
858,동구지회,신천3동 제1,대구광역시 동구 송라로 12길 5-1
859,동구지회,신천3동 제2,대구광역시 동구 송라로 28-5
860,동구지회,신천3동 제3,대구광역시 동구 동부로 15길 26
861,동구지회,신천휴먼시아6단지,대구광역시 동구 송라로11길 39
862,동구지회,신천역센트럴리버파크,대구광역시 동구 동부로 26
863,동구지회,신천동서맨션,대구광역시 동구 국채보상로155길8(신천동)
864,동구지회,신천주공그린빌3단지,대구광역시 동구 동부로 20
865,동구지회,신천,대구광역시 동구 송라로 7길 10
866,동구지회,신천LH(신천1주공A),대구광역시 동구 동부로 1
867,동구지회,송라,대구광역시 동구 동부로3길 38
868,동구지회,신천2주공A,대구광역시 동구 국채보상로 155길 54
869,동구지회,우방푸른타운,대구광역시 동구 국채보상로 159길41
870,동구지회,신일,대구광역시 동구 국채보상로 165길 3-1
871,동구지회,동신우방A,대구광역시 동구 송라로 11길 86
872,동구지회,청기와A,대구광역시 동구 아양로 49길 20
873,동구지회,동서1차(할머니),대구광역시 동구 아양로 39길 16
874,동구지회,신암5동,대구광역시 동구 동북로 83길 25-2
875,동구지회,동서2차A,대구광역시 동구 아양로 39길 20
876,동구지회,동서1차A(할아버지),대구광역시 동구 아양로 39길 16
877,동구지회,금호정,대구광역시 동구 아양로 49길 77
878,동구지회,진로이스트타운2차,대구광역시 동구 동북로 460
879,동구지회,에스디아이프라임A,대구광역시 동구 아양로 24길 13
880,동구지회,성동,대구광역시 동구 아양로34길 18-3
881,동구지회,신암보성1차A,대구광역시 동구 큰고개로 23
882,동구지회,금오,대구광역시 동구 아양로11길 65
883,동구지회,신암건영캐스빌,대구광역시 동구 신암남로 50
884,동구지회,신암3,대구광역시 동구 아양로 8길 10-1
885,동구지회,신천자이,대구광역시 동구 신암로 16길 25
886,동구지회,신암청아람,대구광역시 동구 신암로 20길 39
887,동구지회,신천가람타운A,대구광역시 동구 신암로 16길 33
888,동구지회,신암그린타운A,대구광역시 동구 신성로30
889,동구지회,신암2,대구광역시 동구 신성로 113-3
890,동구지회,강남A,대구광역시 동구 신성로 60
891,동구지회,신암1동뜨란채A,대구광역시 동구 아양로7길 12
892,동구지회,평화,대구광역시 동구 아양로65-76
893,동구지회,안평,대구광역시 동구 평화로 20-20
894,동구지회,새터,대구광역시 동구 경대로 72
895,동구지회,신암제일(제1),대구광역시 동구 아양로 11길 36-5
896,동구지회,신암1,대구광역시 동구 신암북로 7길 37
897,북구지회,읍내행복아파트,"대구광역시 북구 칠곡중앙대로 434 . (읍내동, 대구읍내 행복주택)"
898,북구지회,복현자이아파트,"대구광역시 북구 공항로 16 . (복현동, 복현자이)"
899,북구지회,복현아이파크,"대구광역시 북구 동북로 241 . (복현동, 복현아이파크)"
900,북구지회,대구역유림노르웨이숲,"대구광역시 북구 칠성남로26길 11 3층  (칠성동2가, 대구역유림노르웨이숲)"
901,북구지회,연경대광로제비앙더퍼스트,"대구광역시 북구 동화천로 220 . (연경동, 연경 대광 로제비앙 더 퍼스트)"
902,북구지회,연경예미지,"대구광역시 북구 연경중앙로 11 (연경동, 연경 금성백조예미지 숲속의 아침)"
903,북구지회,연경우방,"대구광역시 북구 연경중앙로11길 33 (연경동, 연경우방아이유쉘 더포레스트)"
904,북구지회,연경숲아파트,"대구광역시 북구 연경중앙로 55 (연경동, 대구연경 연경숲)"
905,북구지회,오페라트루엘,"대구광역시 북구 고성북로 34 . (고성동3가, 오페라트루엘 시민의 숲)"
906,북구지회,검단이팝나무,"대구광역시 북구 검단동로 24-38 103호 (검단동, 신한빌라)"
907,북구지회,행복,대구광역시 북구 산격로11길 36-5 . (산격동)
908,북구지회,한신더휴웨스턴팰리스,"대구광역시 북구 매전로4길 32 (매천동, 한신더휴웨스턴팰리스)"
909,북구지회,연경천년나무1단지,"대구광역시 북구 동화천로 280 (연경동, 대구연경엘에이치천년나무1단지)"
910,북구지회,침산화성파크드림,"대구광역시 북구 성북로 70 침산화성파크드림 경로당 (침산동, 침산화성파크드림)"
911,북구지회,효성해링턴플레이스,"대구광역시 북구 관음로 295 효성해링턴플레이스 경로당 (읍내동, 학정역 효성해링턴 플레이스)"
912,북구지회,e-편한세상대구금호,"대구광역시 북구 내곡로 49 이편한세상대구금호 경로당 (사수동, 이편한세상대구금호)"
913,북구지회,노원LH천년나무,"대구광역시 북구 노원로10길 40 (노원동3가, 대구노원LH천년나무)"
914,북구지회,동평,대구광역시 북구 팔거천동로34길 16-10 103호 (동천동)
915,북구지회,사수,대구광역시 북구 한강로6길 4-7 (사수동)
916,북구지회,금호스타힐스,"대구광역시 북구 내곡로 70 사수동 대구금호스타힐스 경로당 (사수동, 대구금호스타힐스엔에이치에프6단지)"
917,북구지회,금호서한이다음,"대구광역시 북구 한강로 17 금호서한이다음 (사수동, 금호서한이다음)"
918,북구지회,노본,대구광역시 북구 노본길 12
919,북구지회,칠곡7주공아파트,대구광역시 북구 학남로 60
920,북구지회,청아람아파트,대구광역시 북구 학정로110-29
921,북구지회,한라하우젠트,대구광역시 북구 학남로 10
922,북구지회,학수,대구광역시 북구 학남로 35
923,북구지회,학정,대구광역시 북구 학정로109길 16
924,북구지회,도남2동,대구광역시 북구 도남길 148-15
925,북구지회,도남1동,대구광역시 북구 도남길 264
926,북구지회,동호,대구광역시 북구 동호길 72-13
927,북구지회,남문고을,대구광역시 북구 구리로34길 57
928,북구지회,현대아파트,대구광역시 북구 대천로7길 26
929,북구지회,그린빌6단지,대구광역시 북구 학정동로 10
930,북구지회,그린빌5단지,대구광역시 북구 학남로 100
931,북구지회,그린빌1단지,대구광역시 북구 구리로 250
932,북구지회,부영1단지,대구광역시 북구 학정동로7
933,북구지회,국우,대구광역시 북구 도남길 48
934,북구지회,동천,대구광역시 북구 팔거천동로26길19-8
935,북구지회,네스빌아파트,대구광역시 북구 동천동155
936,북구지회,우방하이츠,대구광역시 북구 구리로 26
937,북구지회,영남네오빌아트,대구광역시 북구 동천로 97
938,북구지회,화성센트럴파크,대구광역시 북구 대천로 100
939,북구지회,부영e-그린아파트,대구광역시 북구 동천로24길12
940,북구지회,동화골든빌,대구광역시 북구 동천로 156
941,북구지회,화성3차,대구광역시 북구 대천로 101
942,북구지회,화성2차아파트,대구광역시 북구 동천로 6
943,북구지회,영남2차,대구광역시 북구 팔거천동로24길 40
944,북구지회,보성2차,대구광역시 북구 팔거천동로104
945,북구지회,들말,대구광역시 북구 대천로18길 8
946,북구지회,신락,대구광역시 북구 관음중앙로25길25
947,북구지회,SD아이프라임아파트,대구광역시 북구 칠곡중앙대로125길 7
948,북구지회,e-편한세상아파트,대구광역시 북구 칠곡중앙대로 598
949,북구지회,산호한양아파트,대구광역시 북구 대천로7길 40
950,북구지회,한서아파트,대구광역시 북구 동암로7길39
951,북구지회,우방2차아파트,대구광역시 북구 중앙대로115길 24
952,북구지회,보성3차아파트,대구광역시 북구 칠곡중앙대로126길 7-12
953,북구지회,한양코스모스아파트,대구광역시 북구 구암로21길 66
954,북구지회,보성아파트,대구광역시 북구 구암로21길 26
955,북구지회,공작한양아파트,대구광역시 북구 구암로 21길 38
956,북구지회,제일맨션,대구광역시 북구 칠곡중앙대로 454
957,북구지회,럭키아파트,대구광역시 북구 팔거천로 181
958,북구지회,현대아파트,대구광역시 북구 대천로7길 26
959,북구지회,목화아파트,대구광역시 북구 대천로9길15
960,북구지회,목련아파트,대구광역시 북구 구암로15길 38
961,북구지회,말산,대구광역시 북구 관음중앙로29길 5-18
962,북구지회,읍내2동,대구광역시 북구 칠곡중앙대로526
963,북구지회,대동,대구광역시 북구 대천로9길 7
964,북구지회,중앙,대구광역시 북구 칠곡중앙대로114길 10
965,북구지회,교동,대구광역시 북구 칠곡중아대로126길 21-6
966,북구지회,시호정,대구광역시 북구 동암로7길 83 1층
967,북구지회,죽림부인,대구광역시 북구 동암로7길 83
968,북구지회,청암타운,대구광역시 북구 관음동로 128
969,북구지회,동화훼미리,대구광역시 북구 칠곡중앙대로95길 11
970,북구지회,동화타운,대구광역시 북구 칠곡중앙대로95길 12
971,북구지회,서한맨션,대구광역시 북구 관음중앙로 6
972,북구지회,수정한양아파트,대구광역시 북구 구암로 17
973,북구지회,한신아파트,대구광역시 북구 관음로 50
974,북구지회,한라타운,대구광역시 북구 칠곡중앙대로91길 58
975,북구지회,관음,대구광역시 북구 관음동로17길 25
976,북구지회,함지,대구광역시 북구 구암로39길6-12
977,북구지회,부영7단지,대구광역시 북구 구암로49길 24
978,북구지회,부영6단지,대구광역시 북구 구암로49길 24
979,북구지회,부영5단지,대구광역시 북구 대천로 132
980,북구지회,부영3단지,대구광역시 북구 구암서로7
981,북구지회,화성그랜드파크,대구광역시 북구 구암로65길9
982,북구지회,건영아파트,대구광역시 북구 구암로32길
983,북구지회,그린빌4단지,대구광역시 북구 구암서로 22
984,북구지회,그린빌3단지,대구광역시 북구 구암서로 41
985,북구지회,그린빌2단지,대구광역시 북구 구암서로 70
986,북구지회,신구암,대구광역시 북구 태암로18길12
987,북구지회,서한3차아파트,대구광역시 북구 구암로32길 14
988,북구지회,한라2차아파트,대구광역시 북구 구암로170
989,북구지회,동서영남아파트,대구광역시 북구 구암로180
990,북구지회,구명,대구광역시 북구 학정로42길 28
991,북구지회,구암제2,대구광역시 북구 구암로42길 14
992,북구지회,청구아파트,대구광역시 북구 학정로271
993,북구지회,구암제1,대구광역시 북구 구암로54길 5
994,북구지회,동서아파트,대구광역시 북구 구암로32길 22
995,북구지회,미래아파트,대구광역시 북구 팔거천동로 52
996,북구지회,금빛아파트,대구광역시 북구 팔거천동로 70
997,북구지회,남영네오하이츠,대구광역시 북구 칠곡중앙대로 46길 12
998,북구지회,샛별,대구광역시 북구 팔거천서로 25-36
999,북구지회,태복,대구광역시 북구 학정로 11-14
1000,북구지회,휴먼시아1단지,대구광역시 북구 매전로73
1001,북구지회,두성3차아파트,대구광역시 북구 태전로13길 22
1002,북구지회,에덴아파트,대구광역시 북구 구암로22길 14
1003,북구지회,강북화성파크드림,대구광역시 북구 칠곡중앙대로312
1004,북구지회,우방3차아파트,대구광역시 북구 학정로 126
1005,북구지회,우방미진아파트,대구광역시 북구 칠곡중앙대로52길 46
1006,북구지회,태전2동,대구광역시 북구 학정로111-18
1007,북구지회,중석아파트,대구광역시 북구 학정로7길 3
1008,북구지회,두성파크아파트,대구광역시 북구 학정로13길 16
1009,북구지회,삼성아파트,대구광역시 북구 칠곡중앙대로 52길 20
1010,북구지회,현대아파트,대구광역시 북구 구암로16길 7
1011,북구지회,전원아파트,대구광역시 북구 칠곡중앙대로46길 25
1012,북구지회,새마을,대구광역시 북구 태암로5길 16
1013,북구지회,한신중앙아파트,대구광역시 북구 영송로 85
1014,북구지회,한라아파트,대구광역시 북구 태전로7길13
1015,북구지회,롯데아파트,대구광역시 북구 구암로12
1016,북구지회,2차화성파크드림와이드,대구광역시 북구 태전로3길24
1017,북구지회,수평,대구광역시 북구 태전로13길42
1018,북구지회,은마아파트,대구광역시 북구 태전로51
1019,북구지회,한일아파트,대구광역시 북구 칠곡중앙대로5길32
1020,북구지회,금정,대구광역시 북구 칠곡중앙대로69길
1021,북구지회,두성1차아파트,대구광역시 북구 태천로7길10-17
1022,북구지회,관음타운,대구광역시 북구 영송로63
1023,북구지회,우방아파트,대구광역시 북구 매천로220
1024,북구지회,두전,대구광역시 북구 칠곡중앙대로77길 5-3
1025,북구지회,협화아파트,대구광역시 북구 칠곡중앙대로51길6
1026,북구지회,대백2차아파트,대구광역시 북구 관음로18
1027,북구지회,대백1차아파트,대구광역시 북구 관음로24
1028,북구지회,태전1동,대구광역시 북구 태전로7길10-24
1029,북구지회,천년나무5단지,대구광역시 북구 내곡로69
1030,북구지회,천년나무8단지,대구광역시 북구 내곡로15
1031,북구지회,브라운스톤강북,대구광역시 북구 내곡로89
1032,북구지회,노곡제3,대구광역시 북구 노곡로23-2
1033,북구지회,노곡제1,대구광역시 북구 노곡로23-2
1034,북구지회,천년나무1단지,대구광역시 북구 한강로55
1035,북구지회,문주,대구광역시 북구 문주길11
1036,북구지회,화성파크드림,대구광역시 북구 매전로17
1037,북구지회,휴먼시아2단지,대구광역시 북구 매전로74
1038,북구지회,삼우그린아파트,대구광역시 북구 매천로8길35
1039,북구지회,청구장미아파트,대구광역시 북구 칠곡중앙대로45
1040,북구지회,매천,대구광역시 북구 매천로17길17
1041,북구지회,매남,대구광역시 북구 매천로37길43
1042,북구지회,두산위브2001,대구광역시 북구 매천로2길19
1043,북구지회,대백인터빌아파트,대구광역시 북구 작원길25
1044,북구지회,팔달,대구광역시 북구 장태실길33
1045,북구지회,동화타운,대구광역시 북구 오봉로39
1046,북구지회,공단,대구광역시 북구 3공단14길18-7
1047,북구지회,노원3가2동,대구광역시 북구 노원로23길16-1
1048,북구지회,노원3가1동,대구광역시 북구 팔달로27길124
1049,북구지회,보성타운,대구광역시 북구 오봉로3길47
1050,북구지회,"노원1,2가동",대구광역시 북구 노원로16길88
1051,북구지회,노원1가동,대구광역시 북구 원대로25길19
1052,북구지회,조야동,대구광역시 북구 조야로49
1053,북구지회,연경동,대구광역시 북구 도덕길175
1054,북구지회,유선수촌2단지,대구광역시 북구 동변로24길14
1055,북구지회,유선수촌1단지,대구광역시 북구 동변로50
1056,북구지회,동서변그린빌,대구광역시 북구 동변로55
1057,북구지회,동변동 부인,대구광역시 북구 동변로24길14
1058,북구지회,동변동 남자,대구광역시 북구 동변로24길14
1059,북구지회,고촌,대구광역시 북구 고촌길157-3
1060,북구지회,월드메르디앙,대구광역시 북구 서변로26
1061,북구지회,리벤빌아파트,대구광역시 북구 서변로106
1062,북구지회,청아람아파트,대구광역시 북구 호국로57길20
1063,북구지회,이곡,대구광역시 북구 이곡길115
1064,북구지회,영남네오빌블루,대구광역시 북구 서변로120
1065,북구지회,동서리치모아,대구광역시 북구 서변로88
1066,북구지회,화성리버파크2단지,대구광역시 북구 서변로50
1067,북구지회,화성리버파트1단지,대구광역시 북구 서변로72
1068,북구지회,서변,대구광역시 북구 환성정길17-1
1069,북구지회,유성청구 여,대구광역시 북구 검단로 115
1070,북구지회,유성청구 남,대구광역시 북구 검단로 115
1071,북구지회,대현LH3단지,대구광역시 북구 대현남로6길 20
1072,북구지회,민들레아파트,대구광역시 북구 검단로255
1073,북구지회,검단동 부인,대구광역시 북구 검단동로4길13-50
1074,북구지회,검단동,대구광역시 북구 검단동로4길13-50
1075,북구지회,휴먼시아2단지,대구광역시 북구 대현남로25
1076,북구지회,e-편한세상아파트,대구광역시 북구 대현로10길82
1077,북구지회,뜨란채아파트,대구광역시 북구 대현남로28
1078,북구지회,대현3동,대구광역시 북구 신천동로668-7
1079,북구지회,감밭,대구광역시 북구 대현남로8길5
1080,북구지회,대현2동,대구광역시 북구 신천동로146길9
1081,북구지회,신화맨션,대구광역시 북구 경대로5길 25
1082,북구지회,대현1동 제2,대구광역시 북구 대현로서15길50-7
1083,북구지회,대현1동,대구광역시 북구 대현로17길7
1084,북구지회,영진,대구광역시 북구 복현로3-6
1085,북구지회,푸르지오아파트,대구광역시 북구 동북로345
1086,북구지회,명문세가아파트,대구광역시 북구 복현로71
1087,북구지회,고최골,대구광역시 북구 복현로20길 65-6
1088,북구지회,소라아파트,대구광역시 북구 복현로104-11
1089,북구지회,태왕아너스,대구광역시 북구 복현로105
1090,북구지회,화성타운,대구광역시 북구 복현로173
1091,북구지회,건영아파트,대구광역시 북구 검단로24
1092,북구지회,서한2차아파트,대구광역시 북구 공항로15길8
1093,북구지회,우방아파트,대구광역시 북구 공항로84
1094,북구지회,현대아파트,대구광역시 북구 복현로115
1095,북구지회,한라아파트,대구광역시 북구 공항로5길 6
1096,북구지회,봉우,대구광역시 북구 복현로37
1097,북구지회,동서성화아파트,대구광역시 북구 복현로114-18
1098,북구지회,대백아파트,대구광역시 북구 복현로 137
1099,북구지회,청구아파트,대구광역시 북구 검단로34
1100,북구지회,보성아파트(복현),대구광역시 북구 검단로64
1101,북구지회,큰마을,대구광역시 북구 공항로15길15-24
1102,북구지회,장미아파트,대구광역시 북구 공항로31
1103,북구지회,서한아파트,대구광역시 북구 검단로50
1104,북구지회,광명아파트,대구광역시 북구 동북로65길13
1105,북구지회,동진아파트,대구광역시 북구 동북로50길10
1106,북구지회,들샘,대구광역시 북구 경진로4길25-1
1107,북구지회,복현1동,대구광역시 북구 경대로23길25-5
1108,북구지회,수도산,대구광역시 북구 연암공원로149
1109,북구지회,청구아파트,대구광역시 북구 체육관로4길2
1110,북구지회,장수,대구광역시 북구 체육관로10길22-1
1111,북구지회,연암,대구광역시 북구 연암공원로32길64-3
1112,북구지회,버드나무골,대구광역시 북구 대동로10길 9
1113,북구지회,수산,대구광역시 북구 산격로 106-4
1114,북구지회,산격3동,대구광역시 북구 산격로30
1115,북구지회,양우내안애아파트,대구광역시 북구 동북로131
1116,북구지회,문화,대구광역시 북구 동북로37길9-17
1117,북구지회,백세,대구광역시 북구 동북로149-3
1118,북구지회,대불,대구광역시 북구 대불로11-1
1119,북구지회,거평아파트,대구광역시 북구 유통단지로3길7
1120,북구지회,대우아파트,대구광역시 북구 동북로163
1121,북구지회,수정아파트,대구광역시 북구 대불로5길16
1122,북구지회,신기,대구광역시 북구 대불서길53-9
1123,북구지회,산격2동,대구광역시 북구 호국로21-26
1124,북구지회,에덴아파트,대구광역시 북구 동북로37길58-17
1125,북구지회,금오아파트,대구광역시 북구 연암로25길11
1126,북구지회,매잠,대구광역시 북구 연암로36길 8-1
1127,북구지회,제3,대구광역시 북구 연암로33길 12-1
1128,북구지회,복지회관,대구광역시 북구 연암로183
1129,북구지회,산격1동,대구광역시 북구 연암로86
1130,북구지회,서당골,대구광역시 북구 연암공원로 60
1131,북구지회,쌍용예가,대구광역시 북구 성북로9길12
1132,북구지회,침산매트로,대구광역시 북구 침산남로90
1133,북구지회,태왕리더스,대구광역시 북구 침산남로80
1134,북구지회,푸르지오3차,대구광역시 북구 침산남로130
1135,북구지회,명성푸르지오,대구광역시 북구 침산로 153
1136,북구지회,침산3동제2,대구광역시 북구 침산로48길10
1137,북구지회,동아무지개2차,대구광역시 북구 침산로21길 10
1138,북구지회,동아무지개1차,대구광역시 북구 침산로21길24
1139,북구지회,우국,대구광역시 북구 옥산로17길50
1140,북구지회,침산3동,대구광역시 북구 성북로5길30
1141,북구지회,청구2차아파트,대구광역시 북구 침산남로19길8
1142,북구지회,선학아파트,대구광역시 북구 성북로50
1143,북구지회,동서타운,대구광역시 북구 침산남로 116
1144,북구지회,현대아파트,대구광역시 북구 침산로163
1145,북구지회,청구아파트,대구광역시 북구 침산남로 19길 9
1146,북구지회,일심,대구광역시 북구 성북로8
1147,북구지회,쌍용아파트,대구광역시 북구 침산로21길 36
1148,북구지회,삼정그린코아,대구광역시 북구 중아대로570
1149,북구지회,코오롱하늘채2단지,대구광역시 북구 중앙대로591
1150,북구지회,코오롱하늘채1단지,대구광역시 북구 침산로22길 31
1151,북구지회,롯데캐슬오페라,대구광역시 북구 침산남로160
1152,북구지회,한라스카이빌,대구광역시 북구 침산로22길5
1153,북구지회,건영하이츠,대구광역시 북구 침산로158
1154,북구지회,화성2차아파트,대구광역시 북구 침산남로37길24
1155,북구지회,화성1차아파트,대구광역시 북구 침산남로37길5
1156,북구지회,옥산남자,대구광역시 북구 칠성시장로25길15
1157,북구지회,옥산부인,대구광역시 북구 침산남로44길7-3
1158,북구지회,옥석타운,대구광역시 북구 침산남로31길11
1159,북구지회,침산2동,대구광역시 북구 침산로32길 20-10
1160,북구지회,남영,대구광역시 북구 침산남로7길167
1161,북구지회,진목,대구광역시 북구 노원로37길1-4
1162,북구지회,침산동화타운,대구광역시 북구 침산남로7길50-21
1163,북구지회,백사벌,대구광역시 북구 노원로 48길 10  B/103
1164,북구지회,오봉,대구광역시 북구 오봉로22-45
1165,북구지회,침산1동,대구광역시 북구 침산남로서9길 6-4
1166,북구지회,오페라코오롱하늘,대구광역시 북구 중앙대로540
1167,북구지회,칠성휴먼시아,대구광역시 북구 칠성남로101
1168,북구지회,삼성시장,대구광역시 북구 칠성시장로 42
1169,북구지회,열린,대구광역시 북구 칠성로25-12
1170,북구지회,푸르지오1차,대구광역시 북구 옥산로103
1171,북구지회,칠성우방맨션,대구광역시 북구 중앙대로105길22
1172,북구지회,성광우방,대구광역시 북구 호암로20
1173,북구지회,삼성아파트,대구광역시 북구 호암로 40
1174,북구지회,북성,대구광역시 북구 칠성남로20길22-2
1175,북구지회,칠성,대구광역시 북구 칠성남로29길 11
1176,북구지회,칠성2가2동,대구광역시 북구 공평로 179-6
1177,북구지회,칠성1가동,대구광역시 북구 칠성시장로1길 60-3
1178,북구지회,장수,대구광역시 북구 칠성남로 41-8
1179,북구지회,고성아파트,대구광역시 북구 고성북로 3
1180,북구지회,"고성2,3가",대구광역시 북구 고성북로 35-13
1181,서구지회,비산23장수,대구광역시 서구 달서로34길 13-14 장수경로당 (비산동)
1182,서구지회,쉼터,대구광역시 서구 달서로34길 23-6 쉼터 경로당 (비산동)
1183,서구지회,금류아파트,대구광역시 서구  원대로13길2
1184,서구지회,원대3가제2,대구광역시 서구  팔달로46길4-2
1185,서구지회,원대3가제1,대구광역시 서구  고성로21길6
1186,서구지회,원대1.2가제2,대구광역시 서구  달서천로86길6-10
1187,서구지회,원대1.2가제1,대구광역시 서구  달서천로405-3
1188,서구지회,롯데캐슬,대구광역시 서구  국채보상로34길12
1189,서구지회,중리상록,대구광역시 서구  국채보상로36길16-2
1190,서구지회,중리일송,대구광역시 서구  당산로53길110-4
1191,서구지회,중리시영1차,대구광역시 서구  당산로324
1192,서구지회,진달래2차,대구광역시 서구  국채보상로38길22
1193,서구지회,중리,대구광역시 서구  와룡로70길66
1194,서구지회,두견화,대구광역시 서구 국채보상로36길42
1195,서구지회,꽃동네,대구광역시 서구 평리로221
1196,서구지회,중리시영2차,대구광역시 서구 국채보상로38길32
1197,서구지회,이현,대구광역시 서구 북비산로104-8
1198,서구지회,상리2동,대구광역시 서구 가르뱅이로63-24
1199,서구지회,상리1동,대구광역시 서구 새방로27길4
1200,서구지회,새동네,대구광역시 서구 북비산로31길11-28
1201,서구지회,복지,대구광역시 서구 문화로39길21
1202,서구지회,평리6동,대구광역시 서구 당산로86길5-8
1203,서구지회,평리5동,대구광역시 서구 서대구로31길11(평리동)
1204,서구지회,평리푸르지오,대구광역시 서구 국채보상로50길20
1205,서구지회,평리청구,대구광역시 서구 서대구로77
1206,서구지회,평리장수,대구광역시 서구 평리로73길11-15
1207,서구지회,평광,대구광역시 서구 국채보상로50길42-37
1208,서구지회,청수,대구광역시 서구 국채보상로52길27-35
1209,서구지회,만수,대구광역시 서구 평리로57길15
1210,서구지회,서안,대구광역시 서구 북비산로229-4
1211,서구지회,평안,대구광역시 서구 서대구로42길47-15
1212,서구지회,새마을,대구광역시 서구 서대구로36길5-16
1213,서구지회,평리,대구광역시 서구 서대구로42길67-1
1214,서구지회,평리롯데캐슬,대구광역시 서구 국채보상로316
1215,서구지회,평원,대구광역시 서구 국채보상로66길38-8
1216,서구지회,서부,대구광역시 서구 국채보상로36-6
1217,서구지회,평리2동,대구광역시 서구 국채보상로60길35-9
1218,서구지회,평산,대구광역시 서구 통학로40길37-2
1219,서구지회,신도,대구광역시 서구 문화로313-14
1220,서구지회,들마을,대구광역시 서구 통학로30길5-15
1221,서구지회,비산7동제2,대구광역시 서구 서대구로346-2
1222,서구지회,성우,대구광역시 서구 서대구로63안길30-22
1223,서구지회,비산7동제1,대구광역시 서구 달서천로41길12
1224,서구지회,비산6동제2,대구광역시 서구 달서로27길13-1
1225,서구지회,비산6동,대구광역시 서구 문화로69길26-16
1226,서구지회,비산5동제2,대구광역시 서구 달서천로61길2-6
1227,서구지회,비산5동제1,대구광역시 서구 서대구로68길60-9
1228,서구지회,비산우방,대구광역시 서구 통학로24길60
1229,서구지회,일구,대구광역시 서구 평리로85길15
1230,서구지회,동흔,대구광역시 서구 국채보상로76길34
1231,서구지회,상록,대구광역시 서구 달서로18길42-3
1232,서구지회,한신플러스,대구광역시 서구 달서로17길17
1233,서구지회,모범,대구광역시 서구 달서로26길35-8
1234,서구지회,달성,대구광역시 서구 달성공원로13-14
1235,서구지회,인동촌,대구광역시 서구 북비산로74-17
1236,서구지회,비룡,대구광역시 서구 서구북비산로75길2-3
1237,서구지회,거창,대구광역시 서구북비산로61길43-5
1238,서구지회,비산1동,대구광역시 서구 통학로52길30
1239,서구지회,만수정,대구광역시 서구 북비산로61길34
1240,서구지회,원상,대구광역시 서구 통학로49길30-27
1241,서구지회,당산,대구광역시 서구 달서로39길24
1242,서구지회,웰빙,대구광역시 서구 서대구로7길46
1243,서구지회,동화타운,대구광역시 서구 달구벌대로337길29
1244,서구지회,코오롱,대구광역시 서구 당산로260
1245,서구지회,내우,대구광역시 서구 당산로51길28-5
1246,서구지회,내당4동,대구광역시 서구 서구 서대구로3길43
1247,서구지회,삼익뉴타운,대구광역시 서구 평리로236
1248,서구지회,명우,대구광역시 서구 평리로214길
1249,서구지회,광장타운,대구광역시 서구 달구벌대로1707
1250,서구지회,삼익맨션,대구광역시 서구서대구로25길
1251,서구지회,천일,대구광역시 서구 달구벌대로373길2-26
1252,서구지회,내당,대구광역시 서구 평리로408-13
1253,서구지회,내당2동,대구광역시 서구 서구 큰장로15길14-20
1254,서구지회,내당장수,대구광역시 서구 큰장로9길9-3
1255,서구지회,삼화,대구광역시 서구 달구벌대로373길
1256,서구지회,홍실2차,대구광역시 서구 통학로39(내당동)
1257,서구지회,황성정,대구광역시 서구 통학로46(내당동)
1258,서구지회,홍실1차,대구광역시 서대구로8길49(내당동)
1259,서구지회,시영내당,대구광역시 서구 서대구로8길15(내당동)
1260,서구지회,내서,대구광역시 서구 달구벌대로361길35-29(내당동)
1261,수성구지회,수성알파시티 청아람,대구광역시 수성구 알파시티로 96 수성알파시티청아람 수성알파시티 청아람
1262,수성구지회,연호제2경로당,대구광역시 수성구 달구벌대로569길 20 연호제2경로당 (연호동)
1263,수성구지회,시지3차서한이다음,"대구광역시 수성구 달구벌대로669길 20-20 시지3차 서한이다음 (사월동, 시지3차 서한이다음)"
1264,수성구지회,수성하늘채르레브,"대구광역시 수성구 지범로48길 21 수성하늘채르레브 (범물동, 수성하늘채르레브아파트)"
1265,수성구지회,수성효성해링턴플레이스,"대구광역시 수성구 희망로24길 24 수성효성해링턴플레이스 경로당 (중동, 수성 효성해링턴플레이스)"
1266,수성구지회,범물인앤인,"대구광역시 수성구 지범로52길 69 (범물동, 수성범물인앤인아파트)"
1267,수성구지회,만촌3차화성파크드림,"대구광역시 수성구 교학로 13 (만촌동, 만촌3차 화성파크드림)"
1268,수성구지회,황금힐스테이트,"대구광역시 수성구 청수로 274 (황금동, 힐스테이트 황금동)"
1269,수성구지회,수성롯데캐슬더퍼스트2단지,"대구광역시 수성구 수성로69길 65 (수성동1가, 수성롯데캐슬더퍼스트2단지)"
1270,수성구지회,황금태왕아너스,"대구광역시 수성구 청호로 345 (황금동, 태왕아너스아파트)"
1271,수성구지회,거성,대구광역시 수성구 용학로48길 25-1 거성경로당 (지산동)
1272,수성구지회,수성2차우방타운,"대구광역시 수성구 청호로 330 수성2차우방타운 (황금동, 수성지구2차우방타운)"
1273,수성구지회,신매아이프라임,"대구광역시 수성구 달구벌대로649길 14 경로당 (신매동, 아이프라임신매아파트)"
1274,수성구지회,삼덕,대구광역시 수성구 범안로64길 18-11 (삼덕동)
1275,수성구지회,우방청솔맨션,"대구광역시 수성구 청호로 422 경로당 (범어동, 우방청솔맨션)"
1276,수성구지회,남광타운,"대구광역시 수성구 파동로22길 3 파동, 남광타운 (파동, 파동남광타운)"
1277,수성구지회,수성롯데캐슬더퍼스트3단지,"대구광역시 수성구 수성로69길 70 3단지 경로당 (수성동1가, 수성롯데캐슬더퍼스트1단지)"
1278,수성구지회,수성롯데캐슬더퍼스트1단지,"대구광역시 수성구 수성로69길 70 경로당 (수성동1가, 수성롯데캐슬더퍼스트1단지)"
1279,수성구지회,시지한신휴플러스,"대구광역시 수성구 달구벌대로669길 50 시지한신휴플러스) (사월동, 시지한신휴플러스)"
1280,수성구지회,매호청구하이츠빌,"대구광역시 수성구 천을로23길 26 매호 청구하이츠 (매호동, 매호 청구하이츠)"
1281,수성구지회,매호2차동서타운,"대구광역시 수성구 달구벌대로641길 8 매호2차동서아파트) (매호동, 매호2차동서아파트)"
1282,수성구지회,이천,대구광역시 수성구 달구벌대로574길 192-1 (이천동)
1283,수성구지회,범물청구타운,"대구광역시 수성구 지범로39길 12 범물청구아파트) (범물동, 범물청구아파트)"
1284,수성구지회,지산2동보성맨션,"대구광역시 수성구 지범로22길 10 지산보성맨션 (지산동, 지산보성맨션)"
1285,수성구지회,수성대림e편한세상,"대구광역시 수성구 들안로73길 50-7 수성대림 e-편한세상 (수성동4가, 수성대림 e-편한세상)"
1286,수성구지회,수성1가제2,대구광역시 수성구 달구벌대로456길 11 수성동1가) (수성동1가)
1287,수성구지회,만촌2차우방타운,"대구광역시 수성구 교학로11길 91 만촌2차우방타운) (만촌동, 만촌2차우방타운)"
1288,수성구지회,범어4동 제2,대구광역시 수성구 청호로85길 46 (범어동) (범어동)
1289,수성구지회,신매역우방유쉘,대구광역시 수성구 천을로 23길 21
1290,수성구지회,신매효성백년가약,대구광역시 수성구 달구벌대로 3233
1291,수성구지회,한일유앤아이,대구광역시 수성구 고산로 162
1292,수성구지회,시지2차태왕하이츠,대구광역시 수성구 천을로 170
1293,수성구지회,시지우방하이츠,대구광역시 수성구 645길 22
1294,수성구지회,시지2차서한타운,대구광역시 수성구 천을로 31길 8
1295,수성구지회,사월보성타운,대구광역시 수성구 욱수천로 133
1296,수성구지회,신매우방타운,대구광역시 수성구 달구벌대로 651길 33
1297,수성구지회,노변대백맨션,대구광역시 수성구 노변로 11
1298,수성구지회,노변,대구광역시 수성구 노변로 77
1299,수성구지회,대흥,대구광역시 수성구 월드컵로 6길 54
1300,수성구지회,노변다숲,대구광역시 수성구 노변공원로 34
1301,수성구지회,연호,대구광역시 수성구 범안로 91길 70
1302,수성구지회,제림은탑맨션,대구광역시 수성구 천을로 49
1303,수성구지회,고산농협,대구광역시 수성구 달구벌대로 3032
1304,수성구지회,고산노변타운,대구광역시 수성구 시지로 55
1305,수성구지회,신매,대구광역시 수성구 욱수천로 78
1306,수성구지회,매호화성파크드림,대구광역시 수성구 달구벌대로  641길 31
1307,수성구지회,사월,대구광역시 수성구 달구벌대로 3321-4
1308,수성구지회,시지1차태왕하이츠,대구광역시 수성구 달구벌대로 647길 16
1309,수성구지회,시지두레타운,대구광역시 수성구 천을로 131
1310,수성구지회,하나타운,대구광역시 수성구 고산로 123
1311,수성구지회,시지,대구광역시 수성구 달구벌대로 619길 2
1312,수성구지회,시지대백맨션,대구광역시 수성구 달구벌대로 625길 22
1313,수성구지회,매호,대구광역시 수성구 천을로 31길 40
1314,수성구지회,매호동서타운,대구광역시 수성구 천을로 180
1315,수성구지회,성동,대구광역시 수성구 성동로 166
1316,수성구지회,청구전원타운,대구광역시 수성구 시지로 45
1317,수성구지회,수성월드메르디앙,대구광역시 수성구 노변로 55
1318,수성구지회,보국웰리치시지,대구광역시 수성구 욱수천로 55
1319,수성구지회,태성맨션,대구광역시 수성구 신매동 581
1320,수성구지회,신화빌라트,대구광역시 수성구 달구벌대로 650길 29
1321,수성구지회,태왕5차월드하이츠,대구광역시 수성구 욱수천로 77
1322,수성구지회,시지동서타운,대구광역시 수성구 신매로 41
1323,수성구지회,시지태왕리더스,대구광역시 수성구 달구벌대로 669길 70
1324,수성구지회,팔현,대구광역시 수성구 팔현길 88-5
1325,수성구지회,시지동화아이위시,대구광역시 수성구 달구벌대로 669길 20
1326,수성구지회,시지효성백년가약1단지,대구광역시 수성구 달구벌대로 3280-1
1327,수성구지회,매호공원,대구광역시 수성구 천을로 23길 5
1328,수성구지회,시지푸르지오,대구광역시 수성구 달구벌대로 661길 7
1329,수성구지회,시지보성서한타운,대구광역시 수성구 신매로 21
1330,수성구지회,시지아이프라임,대구광역시 수성구 달구벌대로 3110
1331,수성구지회,시지두성타운,대구광역시 수성구 고산로 30
1332,수성구지회,신매공원,대구광역시 수성구 달구벌대로 650길 59-6
1333,수성구지회,에덴맨션,대구광역시 수성구 고산로 12길 34
1334,수성구지회,시지태왕아너스,대구광역시 수성구 천을로 91
1335,수성구지회,노변동서우방타운,대구광역시 수성구 노변공원로 22
1336,수성구지회,은세계,대구광역시 수성구 달구벌대로 3081
1337,수성구지회,시지월드메르디앙,대구광역시 수성구 천을로 70
1338,수성구지회,가천,대구광역시 수성구 고모로 24길 25
1339,수성구지회,시지청솔타운,대구광역시 수성구 고산로 70
1340,수성구지회,고모,대구광역시 수성구 고모로 39길 20
1341,수성구지회,매호효성백년가약,대구광역시 수성구 천을로 23길 31
1342,수성구지회,누리타운,대구광역시 수성구 달구벌대로 637길 21
1343,수성구지회,욱수,대구광역시 수성구 욱수천로 15
1344,수성구지회,창신대백신화,대구광역시 수성구 고산로 90
1345,수성구지회,천마타운,대구광역시 수성구 신매로 71
1346,수성구지회,사월화성파크드림2단지,대구광역시 수성구 달구벌대로 3304-1
1347,수성구지회,사월화성파크드림3단지,대구광역시 수성구 달구벌대로 3304-2
1348,수성구지회,시지효성백년가약2단지,대구광역시 수성구 달구벌대로 3280-1
1349,수성구지회,삼주한라협화,대구광역시 수성구 신매로 91
1350,수성구지회,시지태왕3차하이츠,대구광역시 수성구 욱수천로 77
1351,수성구지회,시지대성유니드,대구광역시 수성구 달구벌대로 669길 80
1352,수성구지회,노변청구타운,대구광역시 수성구 시지로 21
1353,수성구지회,시지3차신매보성타운,대구광역시 수성구 달구벌대로 651길 23
1354,수성구지회,매호협화타운,대구광역시 수성구 천을로 181
1355,수성구지회,시지태왕레전드,대구광역시 수성구 욱수천로 27
1356,수성구지회,범물청림맨션,대구광역시 수성구 지범로 54길 15
1357,수성구지회,범물공원,대구광역시 수성구 지범로 232
1358,수성구지회,범물용지,대구광역시 수성구 범안로 77
1359,수성구지회,범물용지2단지복지관,대구광역시 수성구 범안로 79
1360,수성구지회,범물1동,대구광역시 수성구 범안로 16길 46
1361,수성구지회,범물서한화성,대구광역시 수성구 지범로 40길 11
1362,수성구지회,범물동서,대구광역시 수성구 범안로 40
1363,수성구지회,우방미진하이츠,대구광역시 수성구 지범로 290
1364,수성구지회,보성송정타운,대구광역시 수성구 지범로 46길 43
1365,수성구지회,범물맨션,대구광역시 수성구 용학로 272
1366,수성구지회,범물신화맨션,대구광역시 수성구 지범로 40길 6
1367,수성구지회,범물청아맨션,대구광역시 수성구 범안로 40
1368,수성구지회,범물두성타운,대구광역시 수성구 지범로 300
1369,수성구지회,범물삼주타운,대구광역시 수성구 범안로 8길 35
1370,수성구지회,범물2동,대구광역시 수성구 지범로 48길 14-1
1371,수성구지회,범물에덴타운,대구광역시 수성구 지범로 40길 6
1372,수성구지회,범물보성맨션,대구광역시 수성구 용학로 316
1373,수성구지회,범물영남타운,대구광역시 수성구 용학로 316
1374,수성구지회,범물보성타운,대구광역시 수성구 지범로 39길 56
1375,수성구지회,범물하이츠1단지,대구광역시 수성구 용학로 336
1376,수성구지회,지산2동,대구광역시 수성구 용학로 33길 17-16
1377,수성구지회,지산현대맨션,대구광역시 수성구 지범로 22길 20
1378,수성구지회,지산에덴,대구광역시 수성구 용학로 223
1379,수성구지회,지산화성맨션,대구광역시 수성구 용학로 32길 65
1380,수성구지회,지산리더스,대구광역시 수성구 지산로 51
1381,수성구지회,지산호반송학,대구광역시 수성구 용학로 46길 40
1382,수성구지회,지산우방타운,대구광역시 수성구 지산로 32
1383,수성구지회,지산녹원맨션,대구광역시 수성구 무학로 189
1384,수성구지회,지산동서맨션,대구광역시 수성구 지산로 51
1385,수성구지회,수동,대구광역시 수성구 지범로 31안길 3-14
1386,수성구지회,지산서한이다음,대구광역시 수성구 용학로 313
1387,수성구지회,지산타운,대구광역시 수성구 용학로 303
1388,수성구지회,지산1동,대구광역시 수성구 지산로 11길 6-19
1389,수성구지회,지산보성맨션,대구광역시 수성구 지범로 21길 3
1390,수성구지회,지산대우로얄하이츠,대구광역시 수성구 용학로 36길 20
1391,수성구지회,지산무학,대구광역시 수성구 청수로38길 53-11 (지산동)
1392,수성구지회,지산협화맨션,대구광역시 수성구 지범로 22길 23
1393,수성구지회,지산한라타운,대구광역시 수성구 지범로 22길 9
1394,수성구지회,지산영남맨션,대구광역시 수성구 지산로 31
1395,수성구지회,지산시영5단지,"대구광역시 수성구 용학로 325 용학로325 (지산동, 지산5단지아파트)"
1396,수성구지회,새마을,대구광역시 수성구 무학로 31길 23
1397,수성구지회,지산동서무학맨션,대구광역시 수성구 지산로 14길 83
1398,수성구지회,지산목련,대구광역시 수성구 청호로 340
1399,수성구지회,지산청산맨션,대구광역시 수성구 지범로 21길 15
1400,수성구지회,지산청구타운,대구광역시 수성구 지산로 48
1401,수성구지회,대우트럼프월드수성,대구광역시 수성구 동대구로 59
1402,수성구지회,수성sk리더스뷰,대구광역시 수성구 동대구로 95
1403,수성구지회,두산,대구광역시 수성구 들안로 8길 68-5
1404,수성구지회,두산동제1,대구광역시 수성구 지범로 21-11
1405,수성구지회,동신실리안,"대구광역시 수성구 파동로 209 (파동, 실리안)"
1406,수성구지회,파동태왕리더스,대구광역시 수성구 파동로 105
1407,수성구지회,파동화성파크뷰,대구광역시 수성구 파동로 19
1408,수성구지회,수성못코오롱하늘채,대구광역시 수성구 파동로 222
1409,수성구지회,대자연2차,대구광역시 수성구 파동로 84
1410,수성구지회,대자연1차,대구광역시 수성구 파동로 120
1411,수성구지회,송원맨션,대구광역시 수성구 파동로 223
1412,수성구지회,파동청구하이츠,대구광역시 수성구 파동로 12길 40
1413,수성구지회,파동제2,"대구광역시 수성구 파동로18길 56 (파동, 제림가든빌라)"
1414,수성구지회,파동제1,대구광역시 수성구 파동로 38길 45-13
1415,수성구지회,덕화,대구광역시 수성구 들안로 9길 56
1416,수성구지회,상동제2,대구광역시 수성구 수성로 15길 42-6
1417,수성구지회,정화우방팔레스,대구광역시 수성구 수성로 135
1418,수성구지회,상동한들,대구광역시 수성구 수성로 32길 99
1419,수성구지회,상동청구타운,대구광역시 수성구 수성로 19-41
1420,수성구지회,서울중동,대구광역시 수성구 신천동로 216
1421,수성구지회,수성동일하이빌,대구광역시 수성구 수성로 71
1422,수성구지회,상동공원,대구광역시 수성구 수성구 들안로13길 118
1423,수성구지회,중동광명,대구광역시 수성구 수성로 165
1424,수성구지회,중부리,대구광역시 수성구 수성구 희망로 114-1
1425,수성구지회,중동상록수,대구광역시 수성구 들안로 29길 26-18
1426,수성구지회,중동제1,대구광역시 수성구 수성로 39안길 5
1427,수성구지회,캐슬골드파크5단지,"대구광역시 수성구 청수로 214 (황금동, 캐슬골드파크5단지)"
1428,수성구지회,황금2동제2,대구광역시 수성구 들안로 40안길 7-20
1429,수성구지회,황금2동제1,대구광역시 수성구 희망로 36길 32
1430,수성구지회,황금미진,대구광역시 수성구 청솔로 12길 40
1431,수성구지회,황금종합복지관,대구광역시 수성구 청수로 45길 41
1432,수성구지회,캐슬골드파크4단지,대구광역시 수성구 청수로 261
1433,수성구지회,캐슬골드파크3단지,대구광역시 수성구 청수로 257
1434,수성구지회,캐슬골드파크1단지,대구광역시 수성구 청수로 213
1435,수성구지회,우방신천지타운,대구광역시 수성구 청호로46길 16
1436,수성구지회,수성태영데시앙,대구광역시 수성구 들안로 360
1437,수성구지회,미수,대구광역시 수성구 들안로81길 29
1438,수성구지회,유성푸르나임,대구광역시 수성구 수성로 75길 16
1439,수성구지회,수성대백인터빌,대구광역시 수성구 수성로 69길 14
1440,수성구지회,참마음,대구광역시 수성구 수성로 60길 45-1
1441,수성구지회,한마음,대구광역시 수성구 들안로 52길 35-1
1442,수성구지회,범어삼환나우빌,대구광역시 수성구 범어천로 197
1443,수성구지회,수성영남타워,대구광역시 수성구 달구벌대로 456길 43
1444,수성구지회,수성우방팔레스,대구광역시 수성구 수성로 400
1445,수성구지회,수성화성쌍용타운,대구광역시 수성구 수성로 41
1446,수성구지회,신천,대구광역시 수성구 신천동로 88길 1-15
1447,수성구지회,수성1가그린타운,대구광역시 수성구 달구벌대로 458길17
1448,수성구지회,삼우1차수성타운,대구광역시 수성구 달구벌대로 456-9
1449,수성구지회,수성서한이다음,대구광역시 수성구 수성로 69길 15
1450,수성구지회,수성우방사랑마을,대구광역시 수성구 달구벌대로2317
1451,수성구지회,열린,대구광역시 수성구 명덕로405-4
1452,수성구지회,태왕하이츠리버뷰,대구광역시 수성구 달구벌대로 454길 9
1453,수성구지회,우방오성타운,대구광역시 수성구 신천동로 380
1454,수성구지회,수성4가,대구광역시 수성구 범어천로 151
1455,수성구지회,한가람타운,대구광역시 수성구 수성구명덕로 368
1456,수성구지회,신세계타운,대구광역시 수성구 신천동로 320
1457,수성구지회,수성4가롯데캐슬,대구광역시 수성구 달구벌대로 2315
1458,수성구지회,수성코오롱하늘채,대구광역시 수성구 들안로 300
1459,수성구지회,수성3가롯데캐슬,대구광역시 수성구 명덕로 455
1460,수성구지회,수성룸바드,대구광역시 수성구 들안로 325
1461,수성구지회,수성1가제1,대구광역시 수성구 수성로 53길 50-4
1462,수성구지회,수성동양엘레브,대구광역시 수성구 명덕로 73길 40
1463,수성구지회,수성보성타운,대구광역시 수성구 수성로 412
1464,수성구지회,만촌지장,대구광역시 수성구 무열로 65-1
1465,수성구지회,만촌2동,대구광역시 수성구 동원로 6길 50-13
1466,수성구지회,만촌태왕리더스,대구광역시 수성구 무열로 47
1467,수성구지회,만촌우방하이츠,대구광역시 수성구 화랑로 26
1468,수성구지회,만촌3우방1차타운,대구광역시 수성구 교학로 11길 46
1469,수성구지회,만촌화성파크스위트,대구광역시 수성구 화랑로 34길 141
1470,수성구지회,만촌보성타운,대구광역시 수성구 수성구 공경로 70-0
1471,수성구지회,만촌1동제1,대구광역시 수성구 만촌로 24길 37-20
1472,수성구지회,메트로팔레스3단지,대구광역시 수성구 동원로 110
1473,수성구지회,메트로팔레스1단지,대구광역시 수성구 동원로 135
1474,수성구지회,메트로팔레스2단지,대구광역시 수성구 동원로 123
1475,수성구지회,럭키골든맨션,대구광역시 수성구 효행로 24길
1476,수성구지회,샘골,대구광역시 수성구 공경로 2길21
1477,수성구지회,메트로팔레스5단지,대구광역시 수성구 동원로 100
1478,수성구지회,느지,대구광역시 수성구 화랑로 40길 46
1479,수성구지회,만촌3동제1,대구광역시 수성구 달구벌대로 526길 6
1480,수성구지회,수성2차e편한세상,대구광역시 수성구 달구벌대로 522길33
1481,수성구지회,두리봉,대구광역시 수성구 달구벌대로 530길 92
1482,수성구지회,각계,대구광역시 수성구 달구벌대로 530길 146
1483,수성구지회,만촌산장맨션,대구광역시 수성구 교학로 111
1484,수성구지회,만촌우방팔레스,대구광역시 수성구 청수로 551
1485,수성구지회,범어1동제1,대구광역시 수성구 동대구로 54길 7
1486,수성구지회,범어2동제2,대구광역시 수성구 동대구로 80길 73-3
1487,수성구지회,범어롯데캐슬,대구광역시 수성구 동대구로 300
1488,수성구지회,범어궁전맨션,대구광역시 수성구 동대구로 274
1489,수성구지회,래미안수성,대구광역시 수성구 상록로 69
1490,수성구지회,청구성조,대구광역시 수성구 국채보상로 846
1491,수성구지회,범어역우방유쉘,대구광역시 수성구 동대구로 345
1492,수성구지회,범어장원맨션,대구광역시 수성구 청호로 370
1493,수성구지회,범어서한두레맨션,대구광역시 수성구 달구벌대로 496길 72
1494,수성구지회,범어청구하이츠,대구광역시 수성구 청호로84안길 2
1495,수성구지회,범어유신,대구광역시 수성구 청호로 88안길 29-3
1496,수성구지회,범어쌍용예가,대구광역시 수성구 명덕로 477
1497,수성구지회,범어유림노르웨이숲,대구광역시 수성구 동대구로 50길 37
1498,수성구지회,범어2동제1,대구광역시 수성구 동원로 11길 14
1499,수성구지회,범어3동제1,대구광역시 수성구 들안로 78길 46
1500,수성구지회,두산위비더제니스,대구광역시 수성구 달구벌대로 2435
1501,수성구지회,범어아진맨션,대구광역시 수성구 동대구로 38-80
1502,수성구지회,범어태왕아너스,대구광역시 수성구 상록로 41
1503,수성구지회,범어월드메르디앙,대구광역시 수성구 범어천로 200
1504,수성구지회,태왕유성하이빌,대구광역시 수성구 동대구로 250
1505,수성구지회,범어청구푸른마을,대구광역시 수성구 동대구로 240
1506,수성구지회,범어화성파크드림,대구광역시 수성구 범어천로 180
1507,수성구지회,범어4동제1,대구광역시 수성구 청호로 85길 46
1508,수성구지회,범어가든3차,대구광역시 수성구 청호로 365
1509,수성구지회,범어sk뷰,대구광역시 수성구 범어로 73
1510,수성구지회,범어1동제2,대구광역시 수성구 청솔로 16길 13-3
1511,중구지회,이편한세상,"대구광역시 중구 달구벌대로 1943 (대신동, e편한세상 대신)"
1512,중구지회,남산역 화성파크드림,"대구광역시 중구 남산로7길 7 (남산동, 남산역 화성파크드림)"
1513,중구지회,대구역센트럴자이,"대구광역시 중구 서성로 99 (수창동, 대구역센트럴자이)"
1514,중구지회,대봉태왕아너스,"대구광역시 중구 동덕로 55 (대봉동, 대봉태왕아너스)"
1515,중구지회,대신자이,"대구광역시 중구 달구벌대로 1955 (대신동, 대신센트럴자이)"
1516,중구지회,효성해링턴플레이스,대구광역시 중구 중앙대로 66길20(남산동)
1517,중구지회,화성파크드림,대구광역시 중구 명덕로 55길25(대봉동)
1518,중구지회,건들바위,대구광역시 중구 명륜로26안길 19(대봉동)
1519,중구지회,대봉2동,대구광역시 중구 대봉로43안길 30-169(대봉동)
1520,중구지회,센트로팰리스,대구광역시 중구 대봉로260
1521,중구지회,대봉1동,대구광역시 중구 달구벌대로 440길27(대봉1동)
1522,중구지회,청운,"대구광역시 중구 동덕로339대봉동,청운아파트내)"
1523,중구지회,남산휴먼시아2단지,대구광역시 중구 달구벌대로 1960(남산동)
1524,중구지회,남산휴먼시아1단지,대구광역시 중구 달구벌대로 1970(남산동)
1525,중구지회,남산그린타운,대구광역시 중구 달구벌대로1950(남산동)
1526,중구지회,보성황실,대구광역시 중구 남산로13길17(남산동)
1527,중구지회,까치아파트,대구광역시 중구 남산로7길 80(남산동)
1528,중구지회,남산복지관,대구광역시 중구 남산로7길80(남산동)
1529,중구지회,남산4동,대구광역시 중구 남산로3안길 11(남산동)
1530,중구지회,극동스타클래스남산,"대구광역시 중구 남산로30,104-1101(남산동)"
1531,중구지회,보성송림,대구광역시 중구 남산로4길 91(남산동)
1532,중구지회,남산3동,대구광역시 중구 남산로6안길 27-57(남산동)
1533,중구지회,반월당삼정그린코아,"대구광역시 중구 중앙대로67길 10 (남산동, 반월당삼정그린코아아파트)"
1534,중구지회,대남,대구광역시 중구 명륜로6길5(남산동)
1535,중구지회,남산2동,대구광역시 중구 달구벌대로 2016-11(남산동)
1536,중구지회,남문,대구광역시 중구 2.28길 10-16(남산동)
1537,중구지회,남산1동,대구광역시 중구 중앙대로 62길 30-3(남산동)
1538,중구지회,태왕아너스,대구광역시 중구 달구벌대로 1975(대신동)
1539,중구지회,일신,대구광역시 중구 국채보상로 93길 31-1(대신동)
1540,중구지회,대신서문,대구광역시 중구 큰장로24안길 31-6(대신동)
1541,중구지회,서성동,대구광역시 중구 서성로15길 27-1
1542,중구지회,달성동,대구광역시 중구 달성로21길44-13(달성동)
1543,중구지회,신성미소시티,대구광역시 중구 달구벌대로2051(계산동2가)
1544,중구지회,동산동,대구광역시 중구 달구벌대로 401길 20-17
1545,중구지회,북성동,대구광역시 중구 서성로 14길 51-18(북내동)
1546,중구지회,남성동,대구광역시 중구 약령길 33-10(계산동2가)
1547,중구지회,봉산뜨란채,대구광역시 중구 봉산문화길 69(봉산동)
1548,중구지회,77태평,"대구광역시 중구 태평로205, 77태평아파트"
1549,중구지회,동성동,대구광역시 중구 교동길 79-6(교동)
1550,중구지회,라이프태평아파트,대구광역시 중구 태평로177(태평로1가)
1551,중구지회,봉산동,대구광역시 중구 봉산문화길 1-4(봉산동)
1552,중구지회,삼덕청아람,대구광역시 중구 달구벌대로 447길77
1553,중구지회,삼덕1.2가,대구광역시 중구 공평로4길25(삼덕동2가)
1554,중구지회,삼덕3가,대구광역시 중구 달구벌대로 443길 44-40(삼덕동3가)
1555,중구지회,동인삼정그린,대구광역시 중구 동덕로30길 53
1556,중구지회,동인3가,대구광역시 중구 동덕로 38길85(동인동3가)
1557,중구지회,동인시티,"대구광역시 중구 국채보상로 131길55(동인동1가,동인시티타운)"
1558,중구지회,동인4가,대구광역시 중구 국채보상로 142길 33-41(동인동4가)
1559,중구지회,동인1.2가,대구광역시 중구 국채보상로679-13
