기관명,운영상태,소재지(도로명),소재지(지번),위도,경도,전화번호,데이터 기준일자
튼튼약국,운영,"대구광역시 북구 학정로106길 10, 1층 (학정동)",대구광역시 북구 학정동 936번지 1호 1층,35.95174724,128.5665686,053-243-3738,2024-07-26
화창한약국,운영,대구광역시 북구 산격로8길 35-1 (산격동),대구광역시 북구 산격동 1313번지 61호,35.89372413,128.6092526,053-268-3929,2024-07-26
진약국,운영,"대구광역시 북구 동천로23길 30-23, 1층 106호 (동천동)",대구광역시 북구 동천동 953번지 1호 1층 106호,35.94398623,128.557067,053-311-7535,2024-07-26
태전제일약국,운영,대구광역시 북구 칠곡중앙대로 302 (태전동),대구광역시 북구 태전동422-16,35.92260868,128.54715,053-312-3525,2024-07-26
참약국,운영,"대구광역시 북구 학정로 429, 로데오프라자 1층 103호 (동천동)",대구광역시 북구 동천동 896번지 5호 로데오프라자 103호,35.94307553,128.563237,053-313-0391,2024-07-26
강북동산약국,운영,"대구광역시 북구 팔거천동로 223, 수정빌딩 103호 (동천동)",대구광역시 북구 동천동 951번지 2호 수정빌딩,35.94398644,128.5579185,053-313-3809,2024-07-26
손약국위드팜손약국,운영,"대구광역시 북구 호국로 807-45, B동 1층 (학정동)","대구광역시 북구 학정동 372번지 1호 B동, 1층",35.95507132,128.565314,053-313-7533,2024-07-26
금빛약국,운영,"대구광역시 북구 내곡로 38, 103호 (사수동)",대구광역시 북구 사수동 821번지 103호,35.89898859,128.5098975,053-321-1214,2024-07-26
성모온누리약국,운영,"대구광역시 북구 칠곡중앙대로 411, 2층 (태전동, 우영펠리스)",대구광역시 북구 태전동 940번지 2층,35.93252619,128.5479956,053-321-3722,2024-07-26
새중앙약국,운영,"대구광역시 북구 칠곡중앙대로 299, 1층 (태전동)",대구광역시 북구 태전동 415번지 2호 1층,35.92227688,128.5465136,053-321-8086,2024-07-26
스마일약국,운영,"대구광역시 북구 동암로12길 8, 칠곡홈플러스 1층 (동천동)","대구광역시 북구 동천동 968번지 칠곡홈플러스, 1층",35.94484991,128.5559672,053-322-1897,2024-07-26
인덕약국,운영,"대구광역시 북구 팔거천동로 36, 1층 (구암동)",대구광역시 북구 구암동 656번지 9호 1층,35.92796181,128.5526778,053-323-5044,2024-07-26
해민약국,운영,"대구광역시 북구 대천로 88, 1층 (동천동)",대구광역시 북구 동천동 934번지 2호 1층,35.93674156,128.5587372,053-323-6767,2024-07-26
새강북약국,운영,"대구광역시 북구 칠곡중앙대로 442, 1층 (읍내동)",대구광역시 북구 읍내동 1341번지 4호,35.93515658,128.5491513,053-323-7701,2024-07-26
강북약국,운영,"대구광역시 북구 칠곡중앙대로 450, 1층 101호 (읍내동)",대구광역시 북구 읍내동 1341번지 1층 101호,35.9359091,128.549446,053-323-8736,2024-07-26
강북약국,운영,"대구광역시 북구 칠곡중앙대로 450, 1층 101호 (읍내동)",대구광역시 북구 읍내동 1341번지 1층 101호,35.9359091,128.549446,053-323-8736,2024-07-26
한성약국,운영,대구광역시 북구 칠곡중앙대로 461 (관음동),대구광역시 북구 관음동 1386번지 12호,35.93701324,128.5488058,053-324-4884,2024-07-26
다나은약국,운영,"대구광역시 북구 내곡로 38-6, 2층 일부 (사수동)",대구광역시 북구 사수동 827 2층 일부,35.8989381,128.5106377,053-324-6288,2024-07-26
그린피스약국,운영,"대구광역시 북구 대천로 87, 1층 (동천동)",대구광역시 북구 동천동 931번지 2호 1층,35.93718052,128.5588197,053-325-0448,2024-07-26
희약국,운영,"대구광역시 북구 한강로4길 9, 106호 (사수동)",대구광역시 북구 사수동 953번지 106호,35.89607911,128.5145507,053-325-1685,2024-07-26
정약국,운영,"대구광역시 북구 구암로 136, 1층 (구암동)",대구광역시 북구 구암동 649번지 1층,35.93160845,128.5556222,053-325-2350,2024-07-26
들꽃약국,운영,"대구광역시 북구 학정로 415, 2층 201호 (동천동, 메가타운)",대구광역시 북구 동천동 912번지 3호 2층 201호,35.94184552,128.5629842,053-325-9898,2024-07-26
유정약국,운영,"대구광역시 북구 학정동로 10, 나동 1층 103호 (국우동, 칠곡그린빌 5,6단지)",대구광역시 북구 국우동 1080번지 칠곡그린빌 6단지 나동 103호,35.9440396,128.5670687,053-326-0242,2024-07-26
대학당약국,운영,"대구광역시 북구 학정로 551-50, 1층 (학정동)",대구광역시 북구 학정동 921번지 10호,35.95448605,128.5648639,053-326-5196,2024-07-26
매천약국,운영,"대구광역시 북구 매전로 78, 1층 (태전동)",대구광역시 북구 태전동 1125번지 1층,35.91258568,128.5468454,053-326-7580,2024-07-26
침산미소약국,운영,"대구광역시 북구 침산로 168, 1층 108,109호 (침산동)",대구광역시 북구 침산동 329번지 2호 108~9호,35.89119167,128.5906126,053-352-2122,2024-07-26
행복한약국,운영,"대구광역시 북구 침산남로 155, 1층 (침산동)",대구광역시 북구 침산동 222번지 4호 1층,35.88816829,128.5928327,053-352-4439,2024-07-26
다우약국,운영,대구광역시 북구 팔달로 143 (노원동3가),대구광역시 북구 노원3가 761-7,35.88938664,128.5657267,053-353-0390,2024-07-26
즐거운약국,운영,"대구광역시 북구 팔달로 149, 1층 (노원동3가)",대구광역시 북구 노원동3가 763번지 3호 1층,35.88936773,128.5664307,053-357-0020,2024-07-26
동창약국,운영,"대구광역시 북구 팔달로 207, 1층 (노원동2가)",대구광역시 북구 노원동2가 347번지 1층,35.88830559,128.5727492,053-357-7345,2024-07-26
고운약국,운영,"대구광역시 북구 노원로 74, 1층 (노원동3가)",대구광역시 북구 노원동3가 1015번지 1층,35.89383226,128.5701982,053-359-3852,2024-07-26
한국약국,운영,"대구광역시 북구 칠성시장로 26, 1층 (칠성동1가)",대구광역시 북구 칠성동1가 276번지 152호 1층,35.87656655,128.6043009,053-424-3213,2024-07-26
장수약국,운영,"대구광역시 북구 칠성시장로 14, 1층 (칠성동1가)",대구광역시 북구 칠성동1가 154번지 4호,35.87554835,128.6049283,053-425-5599,2024-07-26
다나약국,운영,대구광역시 북구 동북로 297 (복현동),대구광역시 북구 복현2동364-1,35.89268432,128.6226033,053-941-1155,2024-07-26
다나약국,운영,대구광역시 북구 동북로 297 (복현동),대구광역시 북구 복현2동364-1,35.89268432,128.6226033,053-941-1155,2024-07-26
열린약국,운영,"대구광역시 북구 동북로 345, 401동 107호 (복현동, 복현푸르지오아파트)",대구광역시 북구 복현동 694번지,35.89258902,128.627348,053-942-0852,2024-07-26
새복현약국,운영,"대구광역시 북구 공항로 7, 1층 (복현동)",대구광역시 북구 복현동 539번지 143호 1층,35.89813834,128.6159288,053-943-9386,2024-07-26
소은약국,운영,대구광역시 북구 대현남로6길 29 (대현동),대구광역시 북구 대현동 283번지 3호,35.88011594,128.6101066,053-944-4777,2024-07-26
금강약국,운영,"대구광역시 북구 동변로 24, 225동 107호 (동변동, 유니버시아드선수촌)",대구광역시 북구 동변동 682번지 유니버시아드선수촌,35.91623317,128.6025423,053-951-5759,2024-07-26
대현사랑약국,운영,"대구광역시 북구 대현남로6길 11, 1층 (대현동)",대구광역시 북구 대현동 390번지 1호 1층,35.8810503,128.6085824,053-957-5577,2024-07-26
푸른동변약국,운영,"대구광역시 북구 동변로 91, 1층 (동변동)",대구광역시 북구 동변동 669번지 4호,35.92101407,128.6031081,053-959-5669,2024-07-26
서변동산약국,운영,"대구광역시 북구 호국로 219, 대성골든프라자1차 131,134호 (서변동)","대구광역시 북구 서변동 1786 대성골든프라자1차 131,134호",35.92137191,128.5988241,000-000-0000,2024-07-26
바로약국,운영,"대구광역시 북구 동북로 289, 1층 (복현동)",대구광역시 북구 복현동 338-8,35.8928745,128.6218732,000-000-0000,2024-07-26
지성한약국,운영,"대구광역시 북구 칠곡중앙대로95길 25, 1층 (관음동)",대구광역시 북구 관음동 1345번지 7호 1층 일부,35.93880673,128.5466297,000-000-0000,2024-07-26
오약국,운영,"대구광역시 북구 칠곡중앙대로 332, B동 1층 (태전동)",대구광역시 북구 태전동 1074-2,35.9253331,128.5475836,000-000-0000,2024-07-26
칠성약국,운영,"대구광역시 북구 칠성시장로 10, 102~104호 (칠성동1가)",대구광역시 북구 칠성동1가 153번지 4호 102~104호,35.87532371,128.6050956,000-000-0000,2024-07-26
서약국,운영,"대구광역시 북구 구암로 153, 동천빌딩 1층 (동천동)",대구광역시 북구 동천동 876번지 4호 동천빌딩,35.93194535,128.5575152,000-000-0000,2024-07-26
연약국,운영,"대구광역시 북구 호국로 215, 대성골든프라자2차 202호 (서변동)",대구광역시 북구 서변동 1787번지 대성골든프라자2차 202호,35.92085908,128.5988176,000-000-0000,2024-07-26
서변우리약국,운영,"대구광역시 북구 호국로 215, 대성골든프라자2차 2층 205호 (서변동)",대구광역시 북구 서변동 1787번지 대성골든프라자2차 205호,35.92085908,128.5988176,000-000-0000,2024-07-26
국약국,운영,대구광역시 북구 구암로 150 (구암동),대구광역시 북구 구암동 650번지 1호,35.93148363,128.5571169,053-325-0055,2024-07-26
대구진약국,운영,"대구광역시 북구 태평로 161, 롯데백화점 대구역 지하2층 (칠성동2가)",대구광역시 북구 칠성동2가 302번지 155호 롯데백화점 대구역 지하2층,35.87588495,128.5961292,053-215-8811,2024-07-26
정성약국,운영,"대구광역시 북구 동북로 254, 1층 (복현동)",대구광역시 북구 복현동 427-5,35.89459797,128.6182965,053-216-9115,2024-07-26
국민약국,운영,대구광역시 북구 칠성시장로7길 28 (칠성동1가),대구광역시 북구 칠성동1가 178번지,35.87603744,128.6025763,053-254-2634,2024-07-26
신라약국,운영,"대구광역시 북구 칠곡중앙대로 205, 1층 (태전동)",대구광역시 북구 태전동 789번지 5호 1층,35.91445354,128.5481896,053-311-6767,2024-07-26
수약국,운영,"대구광역시 북구 태전로 1, 101동 102호 (태전동, 태전역 더 뉴클래스)",대구광역시 북구 태전동 206번지 10호 태전역 더 뉴클래스 101동 102호,35.9203356,128.5459503,053-311-7550,2024-07-26
정은약국,운영,"대구광역시 북구 칠곡중앙대로 223, 1층 (태전동)",대구광역시 북구 태전동 496번지 8호 1층,35.91587564,128.5481825,053-311-9330,2024-07-26
에이플러스 약국,운영,"대구광역시 북구 학정로 427, 2층 (동천동)",대구광역시 북구 동천동 896번지 2층,35.94276007,128.5631723,053-312-4934,2024-07-26
서울약국,운영,"대구광역시 북구 학정로 436, 1층 (구암동)",대구광역시 북구 구암동 765번지 3호 1층,35.94347323,128.5641612,053-313-3325,2024-07-26
아이맘약국,운영,"대구광역시 북구 팔거천동로 217, 1층 (동천동)",대구광역시 북구 동천동 952번지 1호 1층,35.94343993,128.5578262,053-313-3328,2024-07-26
아이맘약국,운영,"대구광역시 북구 팔거천동로 217, 1층 (동천동)",대구광역시 북구 동천동 952번지 1호 1층,35.94343993,128.5578262,053-313-3328,2024-07-26
효성약국,운영,"대구광역시 북구 칠곡중앙대로 537, 1층 (읍내동)",대구광역시 북구 읍내동 773번지 6호 1층,35.94364923,128.5504602,053-321-3030,2024-07-26
문전약국,운영,"대구광역시 북구 호국로 807-45, 1층 101호 (학정동)",대구광역시 북구 학정동 372-1 101호,35.95507132,128.565314,053-321-7738,2024-07-26
다원약국,운영,"대구광역시 북구 학남로3길 41, 1층 (학정동)",대구광역시 북구 학정동 927-17,35.95239391,128.5675816,053-322-1158,2024-07-26
칠곡대학약국,운영,대구광역시 북구 구암로15길 26 (읍내동),,35.93471282,128.5497962,053-322-2333,2024-07-26
대학정문약국,운영,"대구광역시 북구 칠곡중앙대로 434, 대구읍내 행복주택 판매,업무시설 1층 101호 (읍내동)",대구광역시 북구 읍내동 1343,35.93430873,128.5492002,053-322-7582,2024-07-26
라임약국,운영,"대구광역시 북구 구암로65길 52, 1층 (구암동)",대구광역시 북구 구암동 769번지 4호 (1층일부),35.94172277,128.564182,053-322-7771,2024-07-26
보건정문약국,운영,"대구광역시 북구 팔거천동로 209, 1층 (동천동)",대구광역시 북구 동천동 952번지 4호 1층,35.94275626,128.5576717,053-322-9909,2024-07-26
칠곡별약국,운영,"대구광역시 북구 팔거천동로 222, 동천 메디빌 빌딩 1층 101호 (동천동)",대구광역시 북구 동천동 892번지 3호 동천 메디빌 빌딩 101호,35.94365085,128.5586407,053-323-4568,2024-07-26
칠곡동아약국,운영,"대구광역시 북구 구암로15길 8, 1층 (읍내동)",대구광역시 북구 읍내동 1124번지 1호 1층,35.9332331,128.5495487,053-324-8784,2024-07-26
건강드림약국,운영,대구광역시 북구 대천로 93 (동천동),대구광역시 북구 동천동 931번지 5호,35.93709973,128.5594617,053-325-7012,2024-07-26
세계로약국,운영,"대구광역시 북구 칠곡중앙대로 400, 1층 (태전동)",대구광역시 북구 태전동 993번지 9호 1층,35.93133754,128.5485651,053-325-7900,2024-07-26
강북조은약국,운영,"대구광역시 북구 학정동로 45, 1층 (학정동)",대구광역시 북구 학정동 976번지 1호 1층,35.94792123,128.5671804,053-326-2929,2024-07-26
동천맑은약국,운영,"대구광역시 북구 팔거천동로 213, 1층 (동천동)",대구광역시 북구 동천동 952번지 3호 1층,35.94299428,128.557739,053-326-7514,2024-07-26
초록약국,운영,"대구광역시 북구 학정로 416, 2층 (구암동)",대구광역시 북구 구암동 769번지 3호 2층,35.94179538,128.5638106,053-326-9336,2024-07-26
태약국,운영,"대구광역시 북구 학정로 439, 칠곡메가타운 3층 303호 (동천동)",대구광역시 북구 동천동 896번지 2호 칠곡메가타운 303호,35.94387919,128.5633389,053-327-0011,2024-07-26
침산열린약국,운영,"대구광역시 북구 침산남로 138, 1층 (침산동)",대구광역시 북구 침산동 260번지 11호 1층,35.88815659,128.5906901,053-341-8028,2024-07-26
메디팜원대약국,운영,"대구광역시 북구 팔달로 217-1, 1층 (노원동2가)",대구광역시 북구 노원동2가 280번지 1호 1층,35.88825138,128.5740809,053-352-1112,2024-07-26
화인탑약국,운영,"대구광역시 북구 옥산로 95, 화인탑펠리스 109호 (칠성동2가)",대구광역시 북구 칠성동2가 90번지 화인탑펠리스 109호,35.88463386,128.5859339,053-354-7707,2024-07-26
성문약국,운영,"대구광역시 북구 팔달로 153, 1층 (노원동3가)",대구광역시 북구 노원동3가 764번지 9호 1층,35.88923264,128.5668109,053-356-3133,2024-07-26
팔달온누리약국,운영,"대구광역시 북구 팔달로 163, 1층 (노원동3가)",대구광역시 북구 노원동3가 770번지 2호 1층,35.88907869,128.5678419,053-356-8887,2024-07-26
안지약국,운영,"대구광역시 북구 침산남로 176, 1층 (침산동)",대구광역시 북구 침산동 145번지 34호,35.88736852,128.5947004,053-357-0110,2024-07-26
수화약국,운영,"대구광역시 북구 침산남로 140, 엠비프라자 1층 106호 (침산동)",대구광역시 북구 침산동 260번지 8호 엠비프라자,35.88808771,128.5909513,053-357-2353,2024-07-26
독일약국,운영,대구광역시 북구 팔달로 165 (노원동3가),대구광역시 북구 노원동3가 775번지,35.88901946,128.5680923,053-357-7464,2024-07-26
나라약국,운영,"대구광역시 북구 침산로 173, 1층 110호 (침산동)",대구광역시 북구 침산동 341번지 4호 1층 110호,35.89148394,128.5896846,053-358-1199,2024-07-26
검단약국,운영,"대구광역시 북구 검단로 255, 상가2동 1층 102호 (검단동, 민들레아파트)",대구광역시 북구 검단동 1128-3 민들레아파트,35.91633576,128.6281406,053-381-9275,2024-07-26
동남약국,운영,대구광역시 북구 검단로 112-1 (검단동),대구광역시 북구 검단동 936-30,35.9066772,128.6200568,053-382-1831,2024-07-26
오거리약국,운영,"대구광역시 북구 동북로 199, 1층 (산격동)",대구광역시 북구 산격동 1289-1,35.89820571,128.6143035,053-383-5920,2024-07-26
해오름약국,운영,"대구광역시 북구 중앙대로 528, 1층 (칠성동2가)",대구광역시 북구 칠성동2가 369-1,35.88002317,128.5961903,053-422-0307,2024-07-26
정약국,운영,"대구광역시 북구 칠성남로36길 6, 1층 (칠성동2가)",대구광역시 북구 칠성동2가 302번지 114호 1층,35.8764832,128.5987256,053-422-5628,2024-07-26
참대학약국,운영,"대구광역시 북구 팔거천동로 388, B동 1층 (동호동)",대구광역시 북구 동호동 181-9 1층 B동,35.95857215,128.5609482,053-582-1223,2024-07-26
참사랑약국,운영,"대구광역시 북구 연암로 135-2, 1층 (산격동)",대구광역시 북구 산격동 799-3,35.89680782,128.5949488,053-939-7377,2024-07-26
강남당약국,운영,"대구광역시 북구 신암로 99, 1층 (대현동)",대구광역시 북구 대현동 277번지 13호 1층,35.87990724,128.6104758,053-941-2669,2024-07-26
강남당약국,운영,"대구광역시 북구 신암로 99, 1층 (대현동)",대구광역시 북구 대현동 277번지 13호 1층,35.87990724,128.6104758,053-941-2669,2024-07-26
민들레약국,운영,"대구광역시 북구 연암로22길 1, 1층 (산격동)",대구광역시 북구 산격동 845번지 1층,35.89420066,128.5944721,053-942-2669,2024-07-26
박하약국,운영,대구광역시 북구 대현로 88-1 (대현동),대구광역시 북구 대현동 408번지 2호,35.88246964,128.6086327,053-943-3669,2024-07-26
참조은약국,운영,"대구광역시 북구 연암로 184, 1층 (산격동)",대구광역시 북구 산격동 741-16,35.90090737,128.5965287,053-951-5328,2024-07-26
샘결약국,운영,"대구광역시 북구 동북로 160, 2층 (산격동)",대구광역시 북구 산격동 1260번지 2호 2층 일부,35.89929395,128.610094,053-952-0033,2024-07-26
서변제일약국,운영,대구광역시 북구 호국로43길 26 (서변동),대구광역시 북구 서변동 1746번지 5호,35.92120807,128.5963883,053-953-3780,2024-07-26
석약국,운영,"대구광역시 북구 동북로 291, 106호 (복현동)",대구광역시 북구 복현동 337번지 9호 106호,35.89277808,128.6221597,053-955-5406,2024-07-26
새민약국,운영,"대구광역시 북구 동북로 162, 1층 (산격동)",대구광역시 북구 산격동 1260번지 3호 1층,35.89923567,128.6103677,053-956-7585,2024-07-26
금약국,운영,"대구광역시 북구 연암로 190, 1층 (산격동)",대구광역시 북구 산격동 754번지 1호 1층,35.90138311,128.5965058,053-957-5694,2024-07-26
신대학약국,운영,"대구광역시 북구 대학로 91-1, 1층 (산격동)",대구광역시 북구 산격동 1332번지 7호 1층,35.89336647,128.6098772,053-958-4640,2024-07-26
새봄약국,운영,"대구광역시 북구 동화천로 245, 1층 106호 (연경동)",대구광역시 북구 연경동 960 106호,35.94265509,128.617911,053-981-0075,2024-07-26
연경약국,운영,"대구광역시 북구 동화천로 241, 105호 (연경동)",대구광역시 북구 연경동 960-1 105호,35.94264884,128.617379,053-982-1236,2024-07-26
연경동산약국,운영,"대구광역시 북구 연경지묘로 2, 1층 109호 (연경동)",대구광역시 북구 연경동 962-3,35.94219797,128.6153275,053-982-3888,2024-07-26
북구21세기약국,운영,"대구광역시 북구 침산로 93, 319호,320호 (칠성동2가, 스펙트럼시티)","대구광역시 북구 칠성동2가 20번지 1호 319호,320호 스펙트럼시티",35.88522557,128.5897899,053-213-2319,2024-07-26
우리약국,운영,"대구광역시 북구 신암로 27, 103호 (칠성동1가, 굿모닝메디타워)",대구광역시 북구 칠성동1가 151번지 3호 굿모닝메디타워동 103호,35.87525907,128.6054013,053-253-1676,2024-07-26
편안약국,운영,"대구광역시 북구 칠곡중앙대로 393, 3층 (태전동)",대구광역시 북구 태전동 1063번지 3층,35.93089963,128.5478144,053-261-7901,2024-07-26
편안약국,운영,"대구광역시 북구 칠곡중앙대로 393, 3층 (태전동)",대구광역시 북구 태전동 1063번지 3층,35.93089963,128.5478144,053-261-7901,2024-07-26
하늘약국,운영,대구광역시 북구 구리로34길 49 (국우동),대구광역시 북구 국우동 1114-9,35.94712125,128.577116,053-290-7941,2024-07-26
바다약국,운영,"대구광역시 북구 칠곡중앙대로 573, 1층 (읍내동)",대구광역시 북구 읍내동 522번지 1호 1층,35.94683213,128.5509564,053-292-3339,2024-07-26
경북정문약국,운영,"대구광역시 북구 학정로 551-20, 1층 (학정동)",대구광역시 북구 학정동 921번지 1호 1층,35.95449658,128.5651067,053-311-2430,2024-07-26
희망약국,운영,"대구광역시 북구 태전로1길 26, 1층 (태전동)",대구광역시 북구 태전동 204번지 36호 1층,35.92013236,128.5434455,053-311-2488,2024-07-26
봄약국,운영,"대구광역시 북구 칠곡중앙대로 519, 1층 (읍내동)",대구광역시 북구 읍내동 1208번지 2호 1층,35.94213111,128.5502418,053-311-4070,2024-07-26
효민약국,운영,"대구광역시 북구 태전로 3, 1층 (태전동)",대구광역시 북구 태전1동206-2,35.92071729,128.5458269,053-311-7097,2024-07-26
칠곡사랑약국,운영,대구광역시 북구 대천로 94 (동천동),대구광역시 북구 동천동934-5,35.93665513,128.55937,053-311-8025,2024-07-26
인화약국,운영,"대구광역시 북구  매전로  14, 1층 (매천동)",대구광역시 북구 매천동 678번지,35.90849519,128.5435775,053-312-7827,2024-07-26
구주약국,운영,대구광역시 북구 구암로15길 22 (읍내동),대구광역시 북구 읍내동 1346번지,35.93442495,128.5497787,053-312-8623,2024-07-26
동산약국,운영,대구광역시 북구 칠곡중앙대로 457 (관음동),대구광역시 북구 관음동 1386번지 15호,35.9365955,128.5487406,053-314-8575,2024-07-26
대양약국,운영,"대구광역시 북구 태전로7길 2-1, 1층 (태전동)",대구광역시 북구 태전동 257번지 8호 1층,35.92336001,128.5440248,053-314-8601,2024-07-26
메디팜녹색약국,운영,대구광역시 북구 칠곡중앙대로 349 (태전동),대구광역시 북구 태전1동 973-3,35.9268729,128.5472261,053-321-0147,2024-07-26
온누리참조은약국,운영,"대구광역시 북구 관음중앙로 141-1, 1층 (읍내동)",대구광역시 북구 읍내동 1297번지 19호 1층,35.94529698,128.5479178,053-321-0436,2024-07-26
신세계약국,운영,"대구광역시 북구 구암로 135, 1층 (동천동)",대구광역시 북구 동천동 878번지 1층,35.93209925,128.5557097,053-321-3720,2024-07-26
신종합약국,운영,"대구광역시 북구 영송로 85, 205,206호 (태전동, 한신상가)","대구광역시 북구 태전동 936번지 1호 205,206호",35.93279682,128.5426126,053-321-5513,2024-07-26
건강한약국,운영,대구광역시 북구 구암로 146 (구암동),대구광역시 북구 구암동649-4,35.93153755,128.5564337,053-321-6233,2024-07-26
해맑은약국,운영,"대구광역시 북구 학정로 431, 1층 (동천동)",대구광역시 북구 동천동 896번지 4호 1층,35.94331137,128.5632635,053-321-6636,2024-07-26
가람약국,운영,대구광역시 북구 칠곡중앙대로 443 (관음동),대구광역시 북구 관음동 1402번지 4호,35.93536174,128.54856,053-321-7273,2024-07-26
힐링약국,운영,"대구광역시 북구 한강로6길 14-1, 1층 103호 (사수동)",대구광역시 북구 사수동 955번지 1층 103호,35.89608979,128.5149757,053-321-7275,2024-07-26
메디팜보령약국,운영,대구광역시 북구 관음중앙로28길 7 (관음동),대구광역시 북구 관음동 1284번지 3호,35.94445318,128.5471891,053-321-8686,2024-07-26
칠곡강남약국,운영,"대구광역시 북구 칠곡중앙대로 385-1, 1층 (태전동)",대구광역시 북구 태전동 961번지 19호 1층,35.93017202,128.5476067,053-322-0966,2024-07-26
한양온누리약국,운영,"대구광역시 북구 구암로 17, 107호 (관음동, 한양수정아파트상가)",대구광역시 북구 관음동 1370번지 한양수정아파트상가 107호,35.93663893,128.5429342,053-322-2481,2024-07-26
드림약국,운영,"대구광역시 북구 동암로 90, C동 405호 (동천동, 세븐밸리)",대구광역시 북구 동천동 894번지 1호 세븐밸리 c동 405호,35.94413787,128.5603226,053-322-3027,2024-07-26
은혜온누리약국,운영,"대구광역시 북구 학정로 419, 1층 (동천동)",대구광역시 북구 동천동 912번지 2호,35.94211181,128.5630466,053-322-5633,2024-07-26
칠곡경북약국,운영,대구광역시 북구 칠곡중앙대로 386-1 (태전동),대구광역시 북구 태전2동 1003-3,35.93021288,128.5483377,053-322-8998,2024-07-26
해뜨는 약국,운영,"대구광역시 북구 동천로 121, 1층 (동천동)",대구광역시 북구 동천동 908번지 3호 1층,35.94235775,128.5603442,053-322-9954,2024-07-26
다솔약국,운영,대구광역시 북구 구암로 149 (동천동),대구광역시 북구 동천동877-1,35.93197928,128.5571362,053-323-8070,2024-07-26
진성한약국,운영,"대구광역시 북구 학정로 430, 103호 (구암동)",대구광역시 북구 구암동 765번지 5호 103호,35.94300044,128.5640547,053-323-9223,2024-07-26
칠곡우리약국,운영,대구광역시 북구 동암로 6 (읍내동),대구광역시 북구 읍내동 803-2,35.94682129,128.552178,053-323-9954,2024-07-26
한솔약국,운영,대구광역시 북구 칠곡중앙대로 428 (읍내동),대구광역시 북구 읍내동 1343-2,35.93385917,128.5489451,053-325-2888,2024-07-26
팔공약국,운영,"대구광역시 북구 구암로 137, 1층 (동천동)",대구광역시 북구 동천동 878번지 1호 1층,35.93208293,128.5559185,053-325-8030,2024-07-26
늘푸른약국,운영,"대구광역시 북구 대천로 91, 1층 계단쪽호 (동천동)",대구광역시 북구 동천동 931번지 4호 1층 계단쪽,35.9371362,128.5592415,053-325-9249,2024-07-26
칠곡제일약국,운영,대구광역시 북구 칠곡중앙대로 394 (태전동),대구광역시 북구 태전2동 995번지 10호,35.93088031,128.5484247,053-326-0661,2024-07-26
온누리푸른약국,운영,"대구광역시 북구 칠곡중앙대로 504-1, 1층 (읍내동)",대구광역시 북구 읍내동 946번지 3호 (1층),35.94059094,128.5505094,053-326-0802,2024-07-26
온누리낙원약국,운영,대구광역시 북구 칠곡중앙대로 497 (관음동),대구광역시 북구 관음동 1383번지 5호,35.94006969,128.5496811,053-326-1249,2024-07-26
칠곡종합약국,운영,대구광역시 북구 구암로15길 29 (읍내동),대구광역시 북구 읍내동 1341번지 8호,35.93524265,128.549569,053-326-2292,2024-07-26
메디팜큰사랑약국,운영,"대구광역시 북구 칠곡중앙대로 404, 1층 (태전동)",대구광역시 북구 태전동 993번지 12호 1층,35.93179495,128.5486077,053-326-3650,2024-07-26
칠곡두산약국,운영,대구광역시 북구 호국로 807-15 (학정동),대구광역시 북구 학정동 469번지 1호,35.95680528,128.5661087,053-326-5700,2024-07-26
가람대학약국,운영,"대구광역시 북구 학정로109길 41, E동 1층 (학정동)",대구광역시 북구 학정동 527번지 1층 E동,35.95444565,128.5639673,053-326-7720,2024-07-26
칠곡푸른약국,운영,"대구광역시 북구 칠곡중앙대로 427, 1층 (관음동)",대구광역시 북구 관음동 1378번지 4호 1층,35.93391513,128.5483303,053-327-0775,2024-07-26
윤성약국,운영,"대구광역시 북구 학정로 415 (동천동, 105호)",대구광역시 북구 동천동 912-3(105호),35.94184552,128.5629842,053-327-3277,2024-07-26
노원건강한약국,운영,"대구광역시 북구 팔달로 31, 1층 (노원동3가)",대구광역시 북구 노원동3가 545번지 2호 1층,35.89174511,128.5541849,053-341-0330,2024-07-26
편한약국,운영,대구광역시 북구 원대로 42 (고성동2가),대구광역시 북구 고성동2가 116-2,35.88117689,128.5810205,053-341-0405,2024-07-26
메이저 온누리약국,운영,"대구광역시 북구 침산남로 154 (침산동, 103호)",대구광역시 북구 침산2동 265-11(103호),35.88784566,128.5922773,053-341-2002,2024-07-26
온누리옥산약국,운영,대구광역시 북구 호암로 30 (칠성동2가),대구광역시 북구 칠성2가 378-26,35.88233504,128.5938775,053-341-7001,2024-07-26
프라임약국,운영,대구광역시 북구 침산로 138 (침산동),대구광역시 북구 침산동285-5,35.8888084,128.5918725,053-341-7731,2024-07-26
사랑약국,운영,"대구광역시 북구 침산남로 23, 1층 (노원동1가)",대구광역시 북구 노원1가 207-2,35.88875981,128.5787412,053-351-5200,2024-07-26
그린약국,운영,대구광역시 북구 팔달로 225 (노원동2가),대구광역시 북구 노원2가274,35.88805012,128.5748259,053-351-9510,2024-07-26
옵티마소망약국,운영,"대구광역시 북구 팔달로 215-2, 1층 (노원동2가)",대구광역시 북구 노원동2가 281번지 2호 1층,35.88819975,128.5737296,053-352-2562,2024-07-26
동신약국,운영,대구광역시 북구 침산남로7길 6-1 (노원동1가),대구광역시 북구 노원동1가 4번지 4호,35.88949146,128.5796104,053-352-6569,2024-07-26
대학약국,운영,"대구광역시 북구 성북로 47, 1층 (침산동)",대구광역시 북구 침산동 521번지 14호 1층,35.89171576,128.5885916,053-353-0181,2024-07-26
정약국,운영,"대구광역시 북구  침산남로19길  2, 1층 (침산동)",대구광역시 북구 침산동 363번지 7호,35.8894265,128.5869152,053-353-1898,2024-07-26
침산제일약국,운영,대구광역시 북구 침산로 128 (침산동),대구광역시 북구 침산동248-5,35.887663,128.5918422,053-354-0950,2024-07-26
대일약국,운영,대구광역시 북구 고성로 152 (고성동2가),대구광역시 북구 고성2가 111-16,35.88097546,128.5823501,053-354-7080,2024-07-26
한우리약국,운영,"대구광역시 북구  침산로  144, 1층 (침산동)",대구광역시 북구 침산동 285번지 4호,35.88925904,128.5915139,053-355-0023,2024-07-26
유한약국,운영,"대구광역시 북구 침산남로19길 10, 113호 (침산동, 현대그린상가)",대구광역시 북구 침산동 363번지 6호 현대그린상가 113호,35.8901255,128.5870461,053-355-7323,2024-07-26
오케이한샘약국,운영,"대구광역시 북구 칠곡중앙대로 435, 1층 (관음동)",대구광역시 북구 관음동 1378번지 1층,35.93465052,128.5483257,053-356-8275,2024-07-26
대영약국,운영,대구광역시 북구 칠성남로 49-9 (고성동2가),대구광역시 북구 고성2가 63-1,35.87988886,128.5859022,053-357-2268,2024-07-26
백약국,운영,대구광역시 북구 팔달로 231 (노원동2가),대구광역시 북구 노원2가 257-3,35.88794853,128.5753224,053-357-6010,2024-07-26
수정약국,운영,대구광역시 북구 고성로28길 2 (고성동2가),대구광역시 북구 고성동2가 113번지 1호,35.88124494,128.5813553,053-358-0451,2024-07-26
세운약국,운영,대구광역시 북구 노원로 22 (노원동3가),대구광역시 북구 노원3가 879-1,35.89127664,128.5654822,053-358-0591,2024-07-26
건강약국,운영,"대구광역시 북구  오봉로  136, 1층 (침산동)",대구광역시 북구 침산동 1035번지 3호,35.89993919,128.5795634,053-358-1672,2024-07-26
형우당약국,운영,"대구광역시 북구 팔달로 189, 1층 (노원동2가)",대구광역시 북구 노원동2가 376번지 2호 1층,35.88860965,128.5707377,053-358-9696,2024-07-26
무림약국,운영,대구광역시 북구 원대로 76 (고성동3가),대구광역시 북구 고성동3가123-1,35.88423852,128.5819375,053-359-0070,2024-07-26
보민약국,운영,"대구광역시 북구 침산남로 50, 1층 (노원동1가)",대구광역시 북구 노원동1가 9번지 5호 1층,35.8890656,128.5815602,053-359-0580,2024-07-26
박약국,운영,"대구광역시 북구 호암로 20, 126동 110호 (칠성동2가, 성광우방타운)",대구광역시 북구 칠성동2가 127번지 성광우방타운 126동 110호,35.88266294,128.5920247,053-359-1999,2024-07-26
이레약국,운영,대구광역시 북구  복현로  88 (복현동),대구광역시 북구 복현동 183번지 3호 1층,35.89934438,128.6223066,053-381-1002,2024-07-26
하약국,운영,"대구광역시 북구 검단로 114, 1층 (검단동)",대구광역시 북구 검단동 936번지 9호 1층,35.90676742,128.6201821,053-383-7388,2024-07-26
하나온누리약국,운영,"대구광역시 북구 동북로 163, 201동 212호 (산격동, 대우아파트)",대구광역시 북구 산격동 500번지 1호 대우아파트 201동 212호,35.89891339,128.612519,053-383-8766,2024-07-26
손자경약국,운영,"대구광역시 북구 동북로 163 (산격동, 대구A201/202)",대구광역시 북구 산격2동 500-1 대우A201/202,35.89891339,128.612519,053-384-1243,2024-07-26
플러스약국,운영,"대구광역시 북구 칠성로 59, 1층 (칠성동2가)",대구광역시 북구 칠성동2가 350번지 4호 1층,35.87949662,128.5960624,053-422-4705,2024-07-26
프라자약국,운영,대구광역시 북구 칠성남로 226-2 (칠성동1가),대구광역시 북구 칠성1가 157-1,35.87593896,128.6049169,053-426-5640,2024-07-26
홍익약국,운영,대구광역시 북구 학정로 50 (태전동),대구광역시 북구 태전2동 1112번지,35.91323297,128.5480761,053-656-6689,2024-07-26
송림약국,운영,"대구광역시 북구 동북로 163, 201동 311호 (산격동, 산격대우아파트상가)",대구광역시 북구 산격동 500번지 1호 산격대우아파트상가 201동 311호,35.89891339,128.612519,053-751-2569,2024-07-26
동대구약국,운영,대구광역시 북구 대현로 91 (대현동),대구광역시 북구 대현1동 205-20,35.88280362,128.6092096,053-941-0134,2024-07-26
산격약국,운영,대구광역시 북구 연암로 98-2 (산격동),대구광역시 북구 산격1동 848,35.8932956,128.5945847,053-941-4285,2024-07-26
산격현대약국,운영,대구광역시 북구 동북로 172 (산격동),대구광역시 북구 산격3동 1260-9,35.89890066,128.6112316,053-941-5315,2024-07-26
종합약국,운영,대구광역시 북구 연암로 172 (산격동),대구광역시 북구 산격1동 749-18,35.89972682,128.596445,053-941-8637,2024-07-26
유일약국,운영,대구광역시 북구 대학로 143 (산격동),대구광역시 북구 산격3동1291-1,35.89682044,128.6136496,053-942-0061,2024-07-26
복현성모약국,운영,"대구광역시 북구 동북로 268-1, 1층 (복현동)",대구광역시 북구 복현동 459번지 10호 1층,35.89371075,128.6196305,053-942-1622,2024-07-26
건강백세약국,운영,대구광역시 북구 동북로 146 (산격동),대구광역시 북구 산격4동 1207번지 43호,35.90013487,128.6087776,053-942-5252,2024-07-26
건강백세약국,운영,대구광역시 북구 동북로 146 (산격동),대구광역시 북구 산격4동 1207번지 43호,35.90013487,128.6087776,053-942-5252,2024-07-26
유성약국,운영,대구광역시 북구 동북로 311 (복현동),대구광역시 북구 복현2동 375-13,35.89213348,128.623981,053-943-3991,2024-07-26
체리약국,운영,"대구광역시 북구 복현로 50, 112동 2층 208-1호 (복현동, 복현블루밍브라운스톤 명문세가아파트)",대구광역시 북구 복현동 241번지 1호 복현블루밍브라운스톤 명문세가아파트 112동 208-1호,35.89752969,128.6247378,053-944-0172,2024-07-26
용약국,운영,대구광역시 북구 동북로 168 (산격동),대구광역시 북구 산격3동 1260번지 6호,35.89905021,128.6108447,053-951-0105,2024-07-26
미소약국,운영,대구광역시 북구 서변로 97 (서변동),대구광역시 북구 서변동1738-10,35.92457706,128.5965503,053-951-3540,2024-07-26
늘사랑약국,운영,대구광역시 북구 공항로 10 (복현동),대구광역시 북구 복현2동200-4,35.89765484,128.6163205,053-951-4565,2024-07-26
스카이약국,운영,"대구광역시 북구 동북로 156, 스카이빌딩 1층 101호 (산격동)",대구광역시 북구 산격동 1238번지 1호 스카이빌딩 1층 101호,35.8994832,128.6096694,053-951-6673,2024-07-26
약손약국,운영,"대구광역시 북구 학정로 38, 1층 (태전동)",대구광역시 북구 태전2동 1107번지,35.91325196,128.5468752,053-951-8488,2024-07-26
세계약국,운영,대구광역시 북구 동북로 198 (산격동),대구광역시 북구 산격3동 1287-5,35.89788917,128.6138663,053-952-2280,2024-07-26
현대약국,운영,대구광역시 북구 대현로 99 (대현동),대구광역시 북구 대현1동 155-7,35.88258237,128.6099041,053-952-8513,2024-07-26
우리들약국,운영,대구광역시 북구 산격로8길 1 (산격동),대구광역시 북구 산격3동 1410번지 7호,35.89377581,128.6053848,053-953-6848,2024-07-26
대도약국,운영,"대구광역시 북구 산격로 24, 1층 (산격동)",대구광역시 북구 산격동 1413번지 15호,35.89267253,128.6054133,053-954-7303,2024-07-26
연합약국,운영,대구광역시 북구 동북로 170 (산격동),대구광역시 북구 산격3동1260-7,35.8989722,128.6110041,053-954-7857,2024-07-26
연합약국,운영,대구광역시 북구 동북로 170 (산격동),대구광역시 북구 산격3동1260-7,35.8989722,128.6110041,053-954-7857,2024-07-26
연합약국,운영,대구광역시 북구 동북로 170 (산격동),대구광역시 북구 산격3동1260-7,35.8989722,128.6110041,053-954-7857,2024-07-26
동서당약국,운영,"대구광역시 북구 경진로1길 42, 1층 (복현동)",대구광역시 북구 복현동 424번지 4호 1층,35.89493709,128.6171778,053-954-8181,2024-07-26
동대구경북약국,운영,"대구광역시 북구 대현로 96, 1층 (대현동)",대구광역시 북구 대현동 407번지 12호 1층,35.88232265,128.6095284,053-955-3383,2024-07-26
동서약국,운영,"대구광역시 북구 호국로 215, 대성골든프라자2차 1층 (서변동)",대구광역시 북구 서변동 1787번지 대성골든프라자2차,35.92085908,128.5988176,053-956-1936,2024-07-26
대현약국,운영,대구광역시 북구 대현로 94 (대현동),대구광역시 북구 대현2동 407-5,35.88233865,128.6092624,053-956-2072,2024-07-26
메디팜일선약국,운영,대구광역시 북구 동북로 288 (복현동),대구광역시 북구 복현1동 479번지 3호,35.89253864,128.6212532,053-956-8481,2024-07-26
세복옵티마약국,운영,"대구광역시 북구 대현남로 42, 1층 (대현동)",대구광역시 북구 대현동 391번지 1호 1층,35.88174388,128.6077165,053-957-5010,2024-07-26
늘행복한약국,운영,"대구광역시 북구 호국로 219 (서변동, 대성빌딩 118)",대구광역시 북구 서변동 1786번지 대성빌딩 118호,35.92137191,128.5988241,053-958-9298,2024-07-26
혜인약국,운영,"대구광역시 북구 산격로 50, 1층 (산격동)",대구광역시 북구 산격동 1408번지 19호 1층,35.89511578,128.6053998,053-959-4805,2024-07-26
이베약국,운영,대구광역시 북구 호국로 807-9(학정동),대구광역시 북구 학정동 469-3,35.956909,128.56591,053-323-9052,2024-07-26
소담약국,운영,"대구광역시 북구 학정로 440, 5층(구암동)",대구광역시 북구 학정로 구암동 469-3,35.943877,128.564266,053-324-7582,2024-07-26
건강한약국,운영,"대구광역시 북구 팔거천동로 210, 1층(동천동)",대구광역시 북구 팔거천동로 동천동 469-3,35.942891,128.558459,,2024-07-26
쉼표약국,운영,"대구광역시 북구 칠곡중앙대로 411, 2층 (태전동, 우영펠리스)","대구광역시 북구 칠곡중앙대로 층 태전동, 우영펠리스 469-3",35.932744,128.547973,053-942-9668,2024-07-26
후문약국,운영,대구광역시 북구 연암로 170 (산격동),대구광역시 북구 산격동 469-3,35.899515,128.596585,053-311-8079,2024-07-26
이백세약국,운영,대구광역시 북구 복현로 34-1 (복현동),대구광역시 북구 복현동 469-3,35.895099',128.624802,053-651-5500,2024-07-26
건중약국,운영,"대구광역시 북구 동북로 244, 1층 101호(복현동)",대구광역시 북구 복현동 469-3,35.898638,128.610859,053-656-4207,2024-07-26
메디컬진약국,운영,"대구광역시 북구 공항로 3, 1층 (복현동)",대구광역시 북구 복현동 539-122,35.8981417,128.615887,053-383-0870,2024-07-26
연경진약국,운영,"대구광역시 북구 연경지묘로 6, 1층 106호 (연경동)",대구광역시 북구 연경동 949-1,35.9425647,128.6150237,053-981-7577,2024-07-26
도남약국,운영,"대구광역시 북구 도남중앙로7길 6, 워너프라자Ⅲ 1층 107호 (국우동)",대구광역시 북구 국우동 1158-2,35.8620625,128.6031461,053-321-0303,2024-07-26
다정약국,운영,"대구광역시 북구 도남중앙로7길 20-4, 도남지구 21B-1L 1층 (국우동)",대구광역시 북구 국우동 1158 도남지구 21B-1L,35.877991,128.5795397,053-311-8432,2024-07-26
365칠곡대구제일큰약국,운영,"대구광역시 북구 칠곡중앙대로 244, 1,2층 (태전동)",대구광역시 북구 태전동 470-2,35.877991,128.579539,053-217-3650,2024-07-26
