순번,의료기관명,허가종별,업무상태,의료기관주소(도로명),의료기관행정동주소,위도,경도,대표전화,데이터기준일자
1,건강한연합소아청소년과의원,의원,영업중,"대구광역시 북구 도남중앙로7길 6, 5층~7층 (국우동)",대구광역시 북구 국우동 1158번지 2호 ,35.95199204,128.5827743,053-325-1155,2024-07-31
2,경대숨이비인후과의원,의원,영업중,"대구광역시 북구 팔거천동로 210, 2층 203호~204호 (동천동)",대구광역시 북구 동천동 905번지 2호 ,35.94269494,128.5584452,053-323-8575,2024-07-31
3,굿플랜치과의원,치과의원,영업중,"대구광역시 북구 학정로 427, 4층 (동천동)",,35.94276007,128.5631723,053-326-7522,2024-07-31
4,꿈키우다 소아청소년과 봄이비인후과 연합의원,의원,영업중,"대구광역시 북구 구암로 153, 1층, 구암로 143, 2층 (동천동)",대구광역시 북구 동천동 876번지 4호 동천빌딩 ,35.93194535,128.5575152,053-321-6300,2024-07-31
5,나비치과의원,의원,영업중,"대구광역시 북구 도남중앙로7길 20-4, 도남지구 21B-1L 2층 203호~204호 (국우동)",대구광역시 북구 국우동 1158번지 도남지구 21B-1L ,35.95205094,128.5821019,053-325-3000,2024-07-31
6,늘시원한위대항의원,의원,영업중,"대구광역시 북구 동북로 163, 201동 5층 401호 (산격동, 산격대우아파트)",대구광역시 북구 산격2동 500번지 1호 산격대우아파트 ,35.89891339,128.612519,053-959-7175,2024-07-31
7,대구침산 설명한의원,한의원,영업중,"대구광역시 북구 침산남로 165, 2층 (침산동)",대구광역시 북구 침산2동 217번지 3호 ,35.88795838,128.5937322,053-716-7310,2024-07-31
8,더원플란트치과의원,치과의원,영업중,"대구광역시 북구 학정로 430, 2층 202호~203호 (구암동)",대구광역시 북구 구암동 765번지 5호 센츄럴비즈니스빌딩 ,35.94300044,128.5640547,053-716-0300,2024-07-31
9,도남365한의원,한의원,영업중,"대구광역시 북구 도남중앙로7길 20-10, 2층 202호~203호 (국우동)",,35.95201002,128.5824371,053-323-7975,2024-07-31
10,도남민정형외과의원,의원,영업중,"대구광역시 북구 도남중앙로7길 20-3, 103~106, 201~203호 (국우동)",대구광역시 북구 국우동 1145번지 3호 ,35.95240181,128.5821593,053-321-8275,2024-07-31
11,든든한의원,한의원,영업중,"대구광역시 북구 팔거천동로 80-1, 4층 (구암동)",대구광역시 북구 구암동 654번지 1호 ,35.93142344,128.5553032,053-710-8820,2024-07-31
12,마음행복정신건강의학과의원,의원,영업중,"대구광역시 북구 동북로 172, 3층 (산격동)",대구광역시 북구 산격3동 1260번지 9호 ,35.89890066,128.6112316,053-952-5075,2024-07-31
13,바로튼튼마취통증의학과의원,의원,영업중,"대구광역시 북구 학정로 427, 3층 (동천동)",대구광역시 북구 동천동 896번지 3층 ,35.94276007,128.5631723,053-313-7582,2024-07-31
14,바른손치과의원,치과의원,영업중,"대구광역시 북구 침산남로 165, 3층 (침산동)",대구광역시 북구 침산2동 217번지 3호 ,35.88795838,128.5937322,053-358-1500,2024-07-31
15,복현라온치과의원,치과의원,영업중,"대구광역시 북구 동북로 225, 2,3층 (복현동)",대구광역시 북구 복현2동 200번지 9호 ,35.89671092,128.6166734,053-941-2875,2024-07-31
16,빌리브의원,의원,영업중,"대구광역시 북구 동북로 244, 12층 (복현동)",대구광역시 북구 복현1동 426번지 7호 ,35.89524169,128.6175114,053-951-7977,2024-07-31
17,서변다온치과의원,치과의원,영업중,"대구광역시 북구 호국로 209, 3층 (서변동)",대구광역시 북구 무태조야동 1787번지 2호 ,35.9204633,128.5989796,053-716-2808,2024-07-31
18,서울다나운내과의원,의원,영업중,"대구광역시 북구 도남중앙로7길 20-4, 4층 402호~404호 (국우동)",대구광역시 북구 국우동 1158번지 도남지구 21B-1L ,35.95205094,128.5821019,053-322-7585,2024-07-31
19,스마일365한의원,한의원,영업중,"대구광역시 북구 침산로 124, 2층 (침산동)",,35.88729176,128.5917513,053-213-7975,2024-07-31
20,아라소아청소년과의원,의원,영업중,"대구광역시 북구 동북로 254, 3층 (복현동)",대구광역시 북구 복현1동 427번지 5호 ,35.89459797,128.6182965,053-956-7776,2024-07-31
21,에스본정형외과의원,의원,영업중,"대구광역시 북구 공항로 3, 지하1, 1층 (복현동)",대구광역시 북구 복현2동 539번지 122호 ,35.89809191,128.6157031,053-381-1122,2024-07-31
22,이상재정형외과의원,의원,영업중,대구광역시 북구 대천로 87 (동천동),,35.93718052,128.5588197,053-311-7575,2024-07-31
23,제이이비인후과의원,의원,영업중,"대구광역시 북구 침산로 138, 2층 201호 (침산동)",대구광역시 북구 침산2동 285번지 5호 명성프라임 201,35.8888084,128.5918725,053-710-3455,2024-07-31
24,칠곡중앙한의원,한의원,영업중,"대구광역시 북구 칠곡중앙대로 475, 2층 (관음동)",대구광역시 북구 관음동 1386번지 5호 ,35.93821515,128.5490664,053-323-3008,2024-07-31
25,침산맥치과의원,치과의원,영업중,"대구광역시 북구 침산남로19길 2, 2층일부층 (침산동)",대구광역시 북구 침산3동 363번지 7호 ,35.8894265,128.5869152,053-354-7575,2024-07-31
26,온유한의원,한의원,영업중,"대구광역시 북구 호국로 225, 3층 (서변동)",대구광역시 북구 무태조야동 1783번지 6호 ,35.92190193,128.5990228,053-952-1075,2024-07-31
27,대구탑내과의원,의원,영업중,"대구광역시 북구 학정로 415, 메가타운 2층 204호 (동천동)",대구광역시 북구 동천동 912번지 3호 메가타운 ,35.94184552,128.5629842,053-311-0011,2024-07-31
28,부경에스치과의원,치과의원,영업중,"대구광역시 북구 옥산로 95, 화인탑펠리스 402호 (칠성동2가)",대구광역시 북구 칠성동 90번지 화인탑펠리스 ,35.88463386,128.5859339,053-716-0279,2024-07-31
29,바른우리치과의원,치과의원,영업중,"대구광역시 북구 칠곡중앙대로 295, 1~2층 (태전동)",대구광역시 북구 태전1동 149번지 ,35.92207034,128.5463528,053-325-7775,2024-07-31
30,용한의원,한의원,영업중,"대구광역시 북구 연암로 139, 1층 (산격동)",대구광역시 북구 산격1동 799번지 2호 ,35.8969555,128.5949908,053-944-8884,2024-07-31
31,연경손길한의원,한의원,영업중,"대구광역시 북구 동화천로 225, 3층 301호 (연경동)",,35.94231873,128.6157148,053-716-1076,2024-07-31
32,바로치과의원,치과의원,영업중,"대구광역시 북구 동북로 244, 6층 601호~603호 (복현동)",대구광역시 북구 복현1동 426번지 7호 ,35.89524169,128.6175114,053-957-8585,2024-07-31
33,브이웰마취통증의학과의원,의원,영업중,"대구광역시 북구 동북로 244, 2층 (복현동)",대구광역시 북구 복현1동 426번지 7호 ,35.89524169,128.6175114,053-956-4886,2024-07-31
34,마리엘산부인과의원,의원,영업중,"대구광역시 북구 침산로 138, 명성프라임 205호 (침산동)",대구광역시 북구 침산2동 285번지 5호 명성프라임 205,35.8888084,128.5918725,053-358-7553,2024-07-31
35,도남연세치과의원,치과의원,영업중,"대구광역시 북구 도남중앙로7길 2, 도남지구 22B-1L 203호,204호 (국우동)",대구광역시 북구 국우동 0번지 도남지구 22B-1L ,35.951967,128.583257,053-314-2288,2024-07-31
36,복현베스트내과의원,의원,영업중,"대구광역시 북구 동북로 244, 복현비엘타워 501, 502, 503, 504호 (복현동)",대구광역시 북구 복현1동 426번지 7호 ,35.89524169,128.6175114,053-956-0153,2024-07-31
37,아이케어안과의원,의원,영업중,"대구광역시 북구 팔거천동로 213, 2층 (동천동)",대구광역시 북구 동천동 952번지 3호 ,35.94299428,128.557739,053-322-5050,2024-07-31
38,아이온안과의원,의원,영업중,"대구광역시 북구 팔달로 225, 2층 (노원동2가)",대구광역시 북구 노원동 274번지 ,35.88805012,128.5748259,053-285-0130,2024-07-31
39,칠성보강정형외과의원,의원,영업중,"대구광역시 북구 중앙대로 528, 6층 (칠성동2가)",대구광역시 북구 칠성동 369번지 1호 ,35.88002317,128.5961903,053-424-7585,2024-07-31
40,이웃집한의원,한의원,영업중,"대구광역시 북구 학정로 439, 칠곡메가타운 3층 305호 (동천동)",,35.94387919,128.5633389,053-314-1011,2024-07-31
41,청담류의원,의원,영업중,"대구광역시 북구 동암로 104, 2층 (동천동)",대구광역시 북구 동천동 895번지 4호 ,35.94400792,128.5623874,053-322-9333,2024-07-31
42,영진한의원,한의원,영업중,"대구광역시 북구 동북로 163, 201동동 312,313호 (산격동, 산격대우아파트)",대구광역시 북구 산격2동 500번지 1호 산격대우아파트 ,35.89891339,128.612519,053-382-8275,2024-07-31
43,혜윰한의원,한의원,영업중,"대구광역시 북구 동천로24길 9, 2층 201호 (동천동)","대구광역시 북구 동천동 911번지 7호 2층,201호 ",35.94195454,128.5618436,053-326-7392,2024-07-31
44,다온정형외과의원,의원,영업중,"대구광역시 북구 동북로 160, 2,5층 (산격동)","대구광역시 북구 산격1동 1260번지 1호 2층, 5층 ",35.89929395,128.610094,053-951-7585,2024-07-31
45,서울태365한의원,한의원,영업중,"대구광역시 북구 동북로 156, 2,9층 (산격동)",대구광역시 북구 산격3동 1238번지 1호 ,35.8994832,128.6096694,053-754-1075,2024-07-31
46,더참본정형외과의원,의원,영업중,"대구광역시 북구 동북로 289, 1~2층, 6~7층 (복현동)","대구광역시 북구 복현2동 338번지 8호 1~2층, 6~7층 ",35.8928745,128.6218732,053-213-0911,2024-07-31
47,올디플란트치과의원,치과의원,영업중,"대구광역시 북구 동북로 289, 5층 (복현동)",대구광역시 북구 복현2동 338번지 8호 5층 ,35.8928745,128.6218732,053-247-2828,2024-07-31
48,봄날에치과의원,치과의원,영업중,"대구광역시 북구 동북로 297, 3층 (복현동)",대구광역시 북구 복현2동 364번지 1호 3층 ,35.89268432,128.6226033,053-945-1500,2024-07-31
49,거송한의원,한의원,영업중,"대구광역시 북구 연암로 48, 2층 (산격동)",대구광역시 북구 산격1동 1002번지 4호 2층 ,35.89097943,128.5982896,053-358-3580,2024-07-31
50,리브원치과의원,치과의원,영업중,"대구광역시 북구 중앙대로 528, 7층 (칠성동2가)",대구광역시 북구 칠성동 369번지 1호 7층 ,35.88002317,128.5961903,053-716-7204,2024-07-31
51,바올한의원,한의원,영업중,"대구광역시 북구 침산남로 96, 3층 304호 (침산동)",대구광역시 북구 침산3동 430번지 1호 3층 304,35.88896278,128.586253,053-341-8588,2024-07-31
52,힘찬나무신경외과의원,의원,영업중,"대구광역시 북구 학정로 439, 칠곡메가타운 4층 404~405호 (동천동)",대구광역시 북구 동천동 896번지 2호 칠곡메가타운 4층 404~405호 ,35.94387919,128.5633389,053-324-7976,2024-07-31
53,바른의원,의원,영업중,"대구광역시 북구 신암로 31, 3층 (칠성동1가)",대구광역시 북구 칠성동 151번지 2호 3층 ,35.87535673,128.6056458,053-253-8275,2024-07-31
54,스토리치과의원,치과의원,영업중,"대구광역시 북구 신암로 75, 4층 (대현동)",대구광역시 북구 대현동 340번지 2호 4층 ,35.87850649,128.6086487,053-255-2882,2024-07-31
55,칠곡스마일치과교정과치과의원,치과의원,영업중,"대구광역시 북구 학정로 436, DN트윈스 2차 빌딩 6층 601호 (구암동)",대구광역시 북구 구암동 765번지 3호 DN트윈스 2차 빌딩 6층 601호 일부 ,35.94347323,128.5641612,053-719-2854,2024-07-31
56,태전제통의원,의원,영업중,"대구광역시 북구 태전로 9, 2층 201호 (태전동, 경원BD,한우리타운)","대구광역시 북구 태전1동 158번지 경원BD,한우리타운 2층 201",35.92123983,128.5451082,053-322-1353,2024-07-31
57,다봄치과의원,치과의원,영업중,"대구광역시 북구 침산남로 96, 3층 301호 (침산동)",대구광역시 북구 침산3동 430번지 1호 3층 301,35.88896278,128.586253,053-355-3366,2024-07-31
58,원대탑치과의원,치과의원,영업중,"대구광역시 북구 팔달로 175, 3층 (노원동3가)",대구광역시 북구 노원동 781번지 3층 ,35.88890918,128.5693743,053-357-2288,2024-07-31
59,더나은365한의원,한의원,영업중,"대구광역시 북구 동북로 291, 3층 302호, 8층 801호 (복현동)",,35.89277808,128.6221597,053-955-1075,2024-07-31
60,이편한한의원,한의원,영업중,"대구광역시 북구 칠곡중앙대로 426, 4층 (읍내동)",대구광역시 북구 읍내동 1343번지 3호 4층 ,35.93365617,128.5489148,053-312-1580,2024-07-31
61,칠곡본한의원,한의원,영업중,"대구광역시 북구 칠곡중앙대로 555-1, 1층 (읍내동)",,35.94531114,128.550737,053-327-1800,2024-07-31
62,칠곡레오치과의원,치과의원,영업중,"대구광역시 북구 칠곡중앙대로 392, 1층 (태전동)",대구광역시 북구 태전2동 995번지 17호 1층 ,35.93076157,128.5484157,053-286-2828,2024-07-31
63,홍주철신경외과의원,의원,영업중,"대구광역시 북구 침산로 173, 4층 402,403,404호 (침산동)","대구광역시 북구 침산3동 341번지 4호 4층 402, 403, 404호 ",35.89148394,128.5896846,053-356-2220,2024-07-31
64,복현정형외과의원,의원,영업중,"대구광역시 북구 동북로 199, 1,4,5층 (산격동)","대구광역시 북구 산격2동 1289번지 1호 1층,4층5층 ",35.89820571,128.6143035,053-942-3500,2024-07-31
65,흰사슴한의원,한의원,영업중,"대구광역시 북구 호암로 20, 126동 2층 205호 (칠성동2가, 성광우방타운)",,35.88266294,128.5920247,053-356-7666,2024-07-31
66,예일산부인과여성의원,의원,영업중,"대구광역시 북구 학정로 439, 칠곡메가타운 3층 302,306호 (동천동)","대구광역시 북구 동천동 896번지 2호 칠곡메가타운  3층 302호, 306호 ",35.94387919,128.5633389,053-324-3002,2024-07-31
67,퍼스트이비인후과의원,의원,영업중,"대구광역시 북구 동북로 291, 2층 201호 (복현동)",대구광역시 북구 복현2동 337번지 9호 2층 201,35.89277808,128.6221597,053-955-7300,2024-07-31
68,더퍼스트피부과의원,의원,영업중,"대구광역시 북구 침산남로 140, 엠비프라자 7층 701~702호 (침산동)",대구광역시 북구 침산3동 260번지 8호 7층 701~702호 ,35.88808771,128.5909513,053-351-1117,2024-07-31
69,라온치과의원,치과의원,영업중,"대구광역시 북구 칠곡중앙대로 431, 2~3층 (관음동)",대구광역시 북구 관음동 1378번지 1호 2~3층 ,35.93440063,128.5483956,053-311-1000,2024-07-31
70,이클린치과의원,치과의원,영업중,"대구광역시 북구 대천로 85, 2층 (동천동)",대구광역시 북구 동천동 931번지 1호 2층 ,35.93721815,128.5586003,053-325-1199,2024-07-31
71,록원한의원,한의원,영업중,"대구광역시 북구 연경중앙로6길 9, 1층 (연경동)",대구광역시 북구 무태조야동 1032번지 6호 1층 ,35.943783,128.619667,053-986-7554,2024-07-31
72,365강추한의원,한의원,영업중,"대구광역시 북구 팔달로 175, 2층 (노원동3가)",,35.88890918,128.5693743,053-353-1175,2024-07-31
73,서울림치과의원,치과의원,영업중,"대구광역시 북구 연경중앙로 2, 4층 401호 (연경동)",대구광역시 북구 무태조야동 1037번지 2호 4층 401,35.9426613,128.6184932,053-982-1700,2024-07-31
74,소원한의원,한의원,영업중,"대구광역시 북구 학정로 435, 2층 (동천동)",,35.94356118,128.5633043,053-312-1256,2024-07-31
75,연경바른내과의원,의원,영업중,"대구광역시 북구 연경지묘로 6, 3층 302호 (연경동)",대구광역시 북구 무태조야동 949번지 1호 3층 302,35.94248626,128.6151186,053-981-2500,2024-07-31
76,신세계한의원,한의원,영업중,"대구광역시 북구 학정로 415, 메가타운 4층 403호 (동천동)",,35.94184552,128.5629842,053-326-6675,2024-07-31
77,감송한의원,한의원,영업중,"대구광역시 북구 동천로23길 14, 2층 201-2호 (동천동)",대구광역시 북구 동천동 907번지 9호 2층 201-2호 ,35.94230418,128.5591689,053-323-6800,2024-07-31
78,봄빛연합소아청소년과의원,의원,영업중,"대구광역시 북구 동화천로 241, 연경그랜드타워 2층 201호 (연경동)",대구광역시 북구 무태조야동 960번지 1호 연경그랜드타워 2층 201,35.94264884,128.617379,053-801-2500,2024-07-31
79,류마척제통내과의원,의원,영업중,"대구광역시 북구 연경지묘로 2, 3층 302,303호 (연경동)","대구광역시 북구 무태조야동 962번지 3호 3층 302호, 303호 ",35.942223,128.615213,053-984-8255,2024-07-31
80,연경에스치과의원,치과의원,영업중,"대구광역시 북구 연경지묘로 2, 2층 202,203호 (연경동)","대구광역시 북구 무태조야동 962번지 3호 2층, 202호 203호 ",35.942223,128.615213,053-952-2828,2024-07-31
81,라라유외과의원,의원,영업중,"대구광역시 북구 팔거천동로 206, 6층 601,602,603호 (동천동)","대구광역시 북구 동천동 905번지 3호 6층 601호,602호,603호 ",35.94242053,128.5584119,053-313-6868,2024-07-31
82,연경연합이비인후과의원,의원,영업중,"대구광역시 북구 동화천로 245, 3층 304호 (연경동)",대구광역시 북구 무태조야동 960번지 3층 304,35.94265509,128.617911,053-954-8575,2024-07-31
83,온아한의원,한의원,영업중,"대구광역시 북구 내곡로 38, 우정플라자 3층 301호 (사수동)",대구광역시 북구 관문동 821번지 우정플라자 3층 301,35.89898859,128.5098975,053-323-5575,2024-07-31
84,침산한의원,한의원,영업중,"대구광역시 북구 침산남로 147, 지하1, 1층 (침산동)","대구광역시 북구 침산1동 267번지 6호 지하1층, 1층 ",35.88856855,128.5921619,053-356-8783,2024-07-31
85,경대에스비뇨의학과의원,의원,영업중,"대구광역시 북구 팔거천동로 223, 수정빌딩 4층 401,403호 (동천동)","대구광역시 북구 동천동 951번지 2호 수정빌딩 4층 401호, 403호 ",35.94398644,128.5579185,053-216-0119,2024-07-31
86,참든든한마취통증의학과의원,의원,영업중,"대구광역시 북구 동북로 168, 4층 (산격동)",대구광역시 북구 산격3동 1260번지 6호 4층 ,35.89905021,128.6108447,053-954-7200,2024-07-31
87,침산이튼튼치과의원,치과의원,영업중,"대구광역시 북구 침산로 173, 시그니처타워 3층 (침산동)",대구광역시 북구 침산3동 341번지 4호 시그니처타워 3층 ,35.89148394,128.5896846,053-356-7575,2024-07-31
88,지음치과의원,치과의원,영업중,"대구광역시 북구 학정로 416, 3층 (구암동)",대구광역시 북구 구암동 769번지 3호 3층 ,35.94179538,128.5638106,053-710-9942,2024-07-31
89,더바른한의원,한의원,영업중,"대구광역시 북구 옥산로 95, 화인탑펠리스 4층 301,302,303호 (칠성동2가)",,35.88463386,128.5859339,053-355-0000,2024-07-31
90,강남정신건강의학과의원,의원,영업중,"대구광역시 북구 신암로 111, 강남메디컬타워 3층 303호 (대현동)",대구광역시 북구 대현동 274번지 65호 강남메디컬타워 303,35.88083558,128.6112895,053-939-0675,2024-07-31
91,든든한배연합내과의원,의원,영업중,"대구광역시 북구 침산로 173, 2층 203호 (침산동)",대구광역시 북구 침산3동 341번지 4호 2층 203,35.89148394,128.5896846,053-351-7070,2024-07-31
92,다바른치과의원,치과의원,영업중,"대구광역시 북구 침산로 152, 2층 (침산동, 메트로 캐슬)",대구광역시 북구 침산2동 293번지 13호 메트로 캐슬 2층 ,35.88980412,128.5910798,053-716-2080,2024-07-31
93,칠곡속내과의원,의원,영업중,"대구광역시 북구 팔거천동로 222, 동천 메디빌 빌딩 2층 202,203일부호 (동천동)",대구광역시 북구 동천동 892번지 3호 동천 메디빌 빌딩 ,35.94365085,128.5586407,053-327-0300,2024-07-31
94,새별소아청소년과의원,의원,영업중,"대구광역시 북구 침산로 168, 5층 505호 (침산동)",대구광역시 북구 침산3동 329번지 2호 5층 505,35.89119167,128.5906126,053-710-7975,2024-07-31
95,경대속사랑내과의원,의원,영업중,"대구광역시 북구 대현남로6길 11, 3층 (대현동)",대구광역시 북구 대현동 390번지 1호 3층 ,35.8810503,128.6085824,053-942-7575,2024-07-31
96,경희정수한의원,한의원,영업중,"대구광역시 북구 대현남로 41, 1층 (대현동)",,35.88172644,128.6073297,053-941-9990,2024-07-31
97,김지은정신건강의학과의원,의원,영업중,"대구광역시 북구 침산남로 140, 엠비프라자 4층 403호 (침산동)",대구광역시 북구 침산3동 260번지 8호 엠비프라자4층 403,35.88808771,128.5909513,053-356-7566,2024-07-31
98,배동렬한의원,한의원,영업중,"대구광역시 북구 태전로 25, 3층 (태전동)",,35.92262816,128.5447276,053-311-7599,2024-07-31
99,원마디의원,의원,영업중,"대구광역시 북구 침산로 124, 3층,4층 (침산동)","대구광역시 북구 침산2동 245번지 8호 3층,4층 ",35.88729176,128.5917513,053-269-7575,2024-07-31
100,참재활의학과의원,의원,영업중,"대구광역시 북구 침산로 168, 5층 502, 503호 (침산동)","대구광역시 북구 침산2동 329번지 2호 5층 502, 503호 ",35.89119167,128.5906126,053-357-0033,2024-07-31
101,메트로치과의원,치과의원,영업중,"대구광역시 북구 대현남로6길 11, 4층 (대현동)",대구광역시 북구 대현동 390번지 1호 4층 ,35.8810503,128.6085824,053-959-7528,2024-07-31
102,본울림한의원,한의원,영업중,"대구광역시 북구 신암로 111, 3층 304호 (대현동)",대구광역시 북구 대현동 274번지 65호 3층 304,35.88083558,128.6112895,053-939-6780,2024-07-31
103,늘편한속연합내과의원,의원,영업중,"대구광역시 북구 침산남로 154, 메이저타워 2층 201호 (침산동)","대구광역시 북구 침산2동 265번지 11호 메이저타워, 2층 201",35.88784566,128.5922773,053-351-9070,2024-07-31
104,웅한의원,한의원,영업중,"대구광역시 북구 중앙대로 517, 2층 (칠성동2가)",대구광역시 북구 칠성동 343번지 11호 2층 ,35.8792083,128.5952929,053-357-7510,2024-07-31
105,드림이비인후과의원,의원,영업중,"대구광역시 북구 침산로 173, 시그니처타워 5층 503호 (침산동)",대구광역시 북구 침산1동 341번지 4호 5층 503,35.89148394,128.5896846,053-641-1414,2024-07-31
106,태양한의원,한의원,영업중,"대구광역시 북구 칠성시장로 34, D동 2층 2호 (칠성동1가)",,35.87702959,128.6039134,053-263-2335,2024-07-31
107,경대수내과의원,의원,영업중,"대구광역시 북구 동천로23길 30-23, 3층 301~304호 (동천동)","대구광역시 북구 동천동 953번지 1호 3층, 301~304호 ",35.94398623,128.557067,053-326-0099,2024-07-31
108,강남연합정형외과의원,의원,영업중,"대구광역시 북구 대현남로6길 11, 1층,3층일부,4층일부,5층 (대현동)","대구광역시 북구 대현동 390번지 1호 1층,3층일부,4층일부,5층 ",35.8810503,128.6085824,053-242-0119,2024-07-31
109,기쁨큰치과의원,치과의원,영업중,"대구광역시 북구 침산로 168, 4층 403호 (침산동)",대구광역시 북구 침산2동 329번지 2호 ,35.89119167,128.5906126,053-326-7500,2024-07-31
110,크리스마스치과의원,치과의원,영업중,"대구광역시 북구 내곡로 38, 402호 (사수동)",대구광역시 북구 관문동 821번지 402,35.89898859,128.5098975,053-326-0075,2024-07-31
111,서울성모의원,의원,영업중,"대구광역시 북구 서변로 97, 1층 (서변동)",,35.92457706,128.5965503,053-939-7577,2024-07-31
112,영재한의원,한의원,영업중,"대구광역시 북구 내곡로 38-2, 202호 (사수동)",대구광역시 북구 관문동 826번지 202,35.89893555,128.510339,053-327-1075,2024-07-31
113,홍안과의원,의원,영업중,"대구광역시 북구 침산로 138, 명성프라임 3층 301호 (침산동)",대구광역시 북구 침산2동 285번지 5호 명성프라임 301,35.8888084,128.5918725,053-356-1040,2024-07-31
114,중앙연합정형외과 가정의학과의원,의원,영업중,"대구광역시 북구 옥산로 95, 화인탑펠리스 5층 403, 404호 (칠성동2가)","대구광역시 북구 칠성동 90번지 화인탑펠리스 5층 403, 404호 ",35.88463386,128.5859339,053-356-8899,2024-07-31
115,김앤박치과의원,치과의원,영업중,"대구광역시 북구 학정로 419, 동천동빌딩 402, 403호 (동천동)","대구광역시 북구 동천동 912번지 2호 동천동빌, 402,403호 ",35.94211181,128.5630466,053-323-2804,2024-07-31
116,파티마연합의원,의원,영업중,"대구광역시 북구 칠곡중앙대로 450, 4층 402,403,404호 (읍내동)","대구광역시 북구 읍내동 1341번지 4층, 402,403,404호 ",35.9359091,128.549446,053-312-6500,2024-07-31
117,큰사랑연합의원,의원,영업중,"대구광역시 북구 태전로 1, 101동 202호 (태전동, 태전역 더 뉴클래스)",대구광역시 북구 태전1동 206번지 10호 태전역 더 뉴클래스 101 202,35.9203356,128.5459503,053-322-7545,2024-07-31
118,고운미의원,의원,영업중,"대구광역시 북구 침산로 124, 2층 (침산동)",대구광역시 북구 침산2동 245번지 8호 2층 ,35.88729176,128.5917513,053-352-0070,2024-07-31
119,두드림정신건강의학과의원,의원,영업중,"대구광역시 북구 침산로 138, 명성프라임 3층 305호 (침산동)",대구광역시 북구 침산2동 285번지 5호 명성프라임 3층 305,35.8888084,128.5918725,053-354-8275,2024-07-31
120,오페라치과의원,치과의원,영업중,"대구광역시 북구 침산로 100, 302동 207,208호 (칠성동2가, 오페라삼정그린코아더베스트)","대구광역시 북구 칠성동 733번지 오페라삼정그린코아더베스트 302 207,2",35.88519604,128.591318,053-357-7528,2024-07-31
121,경희사랑한의원,한의원,영업중,"대구광역시 북구 침산로 100, 302동 204호 (칠성동2가, 오페라삼정그린코아더베스트)",,35.88519604,128.591318,053-351-8777,2024-07-31
122,팔달한의원,한의원,영업중,"대구광역시 북구 팔달로33길 16-18, 2~3층 (노원동3가)",,35.88922936,128.5688361,053-355-5550,2024-07-31
123,동영연합의원,의원,영업중,"대구광역시 북구 연암로 170, 1층,3층 (산격동)","대구광역시 북구 산격1동 748번지 10호 1층, 3층 ",35.89957883,128.5964399,053-956-5757,2024-07-31
124,복현순치과의원,치과의원,영업중,"대구광역시 북구 동북로 345 (복현동, 복현푸르지오)",대구광역시 북구 복현2동 694번지 ,35.89258902,128.627348,053-939-2080,2024-07-31
125,바른속내과의원,의원,영업중,"대구광역시 북구 동북로 291, 401호 (복현동)",대구광역시 북구 복현2동 337번지 9호 401,35.89277808,128.6221597,053-941-0088,2024-07-31
126,바른정신건강의학과의원,의원,영업중,"대구광역시 북구 동북로 168, 5층 (산격동)",,35.89905021,128.6108447,053-955-7512,2024-07-31
127,베스트인치과의원,치과의원,영업중,"대구광역시 북구 동북로 291, 502호 (복현동)",대구광역시 북구 복현2동 337번지 9호 502,35.89277808,128.6221597,053-939-2800,2024-07-31
128,칠곡경대정신건강의학과의원,의원,영업중,"대구광역시 북구 칠곡중앙대로 393, 2층 (태전동)",대구광역시 북구 태전1동 1063번지 ,35.93089963,128.5478144,053-321-9800,2024-07-31
129,마디척재활의학과의원,의원,영업중,"대구광역시 북구 침산남로 155, 1,4층 (침산동)","대구광역시 북구 침산2동 222번지 4호 1,4층 ",35.88816829,128.5928327,053-353-9698,2024-07-31
130,연세고운의원,의원,영업중,"대구광역시 북구 내곡로 34, 301호 (사수동)",대구광역시 북구 관문동 823번지 301호 ,35.89864639,128.5098497,053-324-1103,2024-07-31
131,더편한연합정형외과의원,의원,영업중,"대구광역시 북구 팔달로 191, 1층, 2층 (노원동2가)","대구광역시 북구 노원동 373번지 2호 1층, 2층 ",35.88862242,128.5710636,053-283-0119,2024-07-31
132,예스치과의원,치과의원,영업중,"대구광역시 북구 내곡로 36, 3층 301,302호 (사수동)",,35.89881893,128.5098593,053-323-7522,2024-07-31
133,침산올바른마취통증의학과의원,의원,영업중,"대구광역시 북구 침산로 144, 3층 (침산동)",대구광역시 북구 침산2동 285번지 4호 3층 ,35.88925904,128.5915139,053-267-7373,2024-07-31
134,365늘속편한내과의원,의원,영업중,"대구광역시 북구 학정로 440, 5층 (구암동)",대구광역시 북구 구암동 765번지 2호 ,35.9437659,128.5642531,053-325-0365,2024-07-31
135,경신한의원,한의원,영업중,"대구광역시 북구 칠성남로 226-2, 2층 (칠성동1가)",대구광역시 북구 칠성동 157번지 1호 2층 ,35.87593896,128.6049169,053-431-1075,2024-07-31
136,우리연합내과의원,의원,영업중,"대구광역시 북구 내곡로 38, 2층 201호,202호 (사수동)","대구광역시 북구 관문동 821번지 201호,202호 ",35.89898859,128.5098975,053-322-1166,2024-07-31
137,칠곡리더스치과의원,치과의원,영업중,"대구광역시 북구 칠곡중앙대로 393, 2층 (태전동)",,35.93089963,128.5478144,053-312-2828,2024-07-31
138,박순재정신건강의학과의원,의원,영업중,"대구광역시 북구 학정로 429, 302호 (동천동, 로데오프라자)",대구광역시 북구 동천동 896번지 5호 302,35.94307553,128.563237,053-311-0075,2024-07-31
139,맘스맘연합소아청소년과의원,의원,영업중,"대구광역시 북구 내곡로 38-6, 201,202호 (사수동)","대구광역시 북구 관문동 827번지 201,202호 ",35.8989381,128.5106377,053-324-7707,2024-07-31
140,미즈웰산부인과의원,의원,영업중,"대구광역시 북구 칠곡중앙대로 411, 2층 (태전동, 우영펠리스)",대구광역시 북구 태전1동 940번지 2층 ,35.93252619,128.5479956,053-322-7589,2024-07-31
141,세창한의원,한의원,영업중,"대구광역시 북구 대현남로 42, 3층 (대현동)",,35.88174388,128.6077165,053-256-0168,2024-07-31
142,경대속연합의원,의원,영업중,"대구광역시 북구 한강로4길 9, 3층 (사수동)",대구광역시 북구 관문동 953번지 3층 ,35.89607911,128.5145507,053-327-0119,2024-07-31
143,김무곤초심내과의원,의원,영업중,"대구광역시 북구 침산남로19길 2, 2층 (침산동)",대구광역시 북구 침산3동 363번지 7호 2층 ,35.8894265,128.5869152,053-353-6060,2024-07-31
144,호성연합의원,의원,영업중,"대구광역시 북구 매전로 14, 2층 (매천동)",,35.90849519,128.5435775,053-311-9096,2024-07-31
145,상쾌한이비인후과의원,의원,영업중,"대구광역시 북구 내곡로 38, 302호 (사수동)",대구광역시 북구 관문동 821번지 302,35.89898859,128.5098975,053-325-2238,2024-07-31
146,고마운치과의원,치과의원,영업중,"대구광역시 북구 동암로 104, 5층 (동천동)",대구광역시 북구 동천동 895번지 4호 5층 ,35.94400792,128.5623874,053-313-2080,2024-07-31
147,성모연합의원,의원,영업중,"대구광역시 북구 관음중앙로 143, 1층 (읍내동)",대구광역시 북구 읍내동 1297번지 17호 1층 ,35.94528742,128.5480723,053-311-8896,2024-07-31
148,청담한의원,한의원,영업중,"대구광역시 북구 팔거천동로 218, 2층,3층 (동천동)",,35.94334715,128.5585935,053-327-1415,2024-07-31
149,마디에스(S)한의원,한의원,영업중,"대구광역시 북구 침산로 128, 3층 (침산동)",대구광역시 북구 침산2동 248번지 5호 3층 ,35.887663,128.5918422,053-353-1075,2024-07-31
150,소들한의원,한의원,영업중,"대구광역시 북구 대현로 83, 3층 (대현동)",대구광역시 북구 대현동 158번지 6호 3층 ,35.88304813,128.6084209,053-943-6005,2024-07-31
151,예원소아청소년과의원,의원,영업중,"대구광역시 북구 대현남로6길 29, 2층 (대현동)",대구광역시 북구 대현동 283번지 3호 2층 ,35.88011594,128.6101066,053-953-0405,2024-07-31
152,신화한의원,한의원,영업중,"대구광역시 북구 팔거천동로 210, 2층 (동천동)",,35.94269494,128.5584452,053-324-4499,2024-07-31
153,이편한속내과의원,의원,영업중,"대구광역시 북구 팔달로 149, 3층 (노원동3가)",대구광역시 북구 노원동 763번지 4호 3층 ,35.88936773,128.5664307,053-355-7577,2024-07-31
154,가톨릭건강의원,의원,영업중,"대구광역시 북구 구암로 149, 2층 (동천동)",대구광역시 북구 동천동 877번지 1호 2층 ,35.93197928,128.5571362,053-313-0400,2024-07-31
155,이재봉신경과의원,의원,영업중,"대구광역시 북구 침산로 128, 2층 (침산동)",대구광역시 북구 침산2동 248번지 5호 2층 ,35.887663,128.5918422,053-353-0007,2024-07-31
156,강남수의원,의원,영업중,"대구광역시 북구 신암로 99, 2층 (대현동)",대구광역시 북구 대현동 277번지 13호 2층 ,35.87990724,128.6104758,053-944-0124,2024-07-31
157,영이비인후과의원,의원,영업중,"대구광역시 북구 복현로 71, 상가동 2층 일부층 (복현동, 복현블루밍브라운스톤 명문세가아파트)",대구광역시 북구 복현2동 234번지 5호 ,35.89850135,128.622448,053-956-2323,2024-07-31
158,강북푸른정형외과의원,의원,영업중,"대구광역시 북구 동천로 121, 1층 및 2층 일부층 (동천동, 상남빌딩)",,35.94235775,128.5603442,053-314-2121,2024-07-31
159,다비드제통외과의원,의원,영업중,"대구광역시 북구 칠곡중앙대로 393, 3층 (태전동)",,35.93089963,128.5478144,053-351-1704,2024-07-31
160,이호동한의원,한의원,영업중,"대구광역시 북구 한강로4길 11, 2층 201호 (사수동)",,35.89584167,128.5145282,053-322-8075,2024-07-31
161,칠곡바른송치과의원,치과의원,영업중,"대구광역시 북구 구암로17길 1, 2층 (읍내동)",대구광역시 북구 읍내동 1122번지 ,35.93271034,128.550359,053-325-7528,2024-07-31
162,세이안치과의원,치과의원,영업중,"대구광역시 북구 원대로 80, 2층 (고성동3가)",대구광역시 북구 고성동 117번지 ,35.88457023,128.5820405,053-354-0080,2024-07-31
163,이윤채통합의원,의원,영업중,"대구광역시 북구 한강로6길 14-1, 2층 (사수동)",대구광역시 북구 관문동 955번지 ,35.89608979,128.5149757,053-323-7275,2024-07-31
164,불꽃치과의원 강북점,치과의원,영업중,"대구광역시 북구 동암로 90, 4층 (동천동, 세븐밸리)",대구광역시 북구 동천동 894번지 1호 세븐밸리 ,35.94413787,128.5603226,053-326-2879,2024-07-31
165,튼튼한한의원,한의원,영업중,"대구광역시 북구 동천로23길 2, 2층 (동천동)",,35.94215121,128.5603442,053-325-3375,2024-07-31
166,강북퍼스트치과의원,치과의원,영업중,"대구광역시 북구 학정로 440, 4층 404~405호 (구암동, 동재빌딩)",대구광역시 북구 구암동 765번지 2호 ,35.9437659,128.5642531,053-311-7528,2024-07-31
167,선진한의원,한의원,영업중,"대구광역시 북구 신암로 75, 2층 (대현동)",대구광역시 북구 대현동 340번지 2호 ,35.87850649,128.6086487,053-751-0751,2024-07-31
168,배한의원,한의원,영업중,"대구광역시 북구 신암로 27, 3층 301호 (칠성동1가, 굿모닝메디타워)",대구광역시 북구 칠성동 151번지 3호 ,35.87525907,128.6054013,053-257-2088,2024-07-31
169,올리브치과의원,치과의원,영업중,"대구광역시 북구 동북로 172, 4층 (산격동)",,35.89890066,128.6112316,053-955-2875,2024-07-31
170,램브란트치과의원,치과의원,영업중,"대구광역시 북구 침산남로 154, 5층 (침산동, 메이저타워 )",대구광역시 북구 침산2동 265번지 11호 ,35.88784566,128.5922773,053-358-2875,2024-07-31
171,제일조은정형외과의원,의원,영업중,"대구광역시 북구 신암로 27 (칠성동1가, 1층 일부, 4층 일부)",,35.87525907,128.6054013,053-431-8288,2024-07-31
172,제일연합정형외과의원,의원,영업중,"대구광역시 북구 침산남로 176, 1,2,5,6층 (침산동)","대구광역시 북구 침산2동 145번지 34호 1,2,5,6층 ",35.88736852,128.5947004,053-215-0022,2024-07-31
173,홍S치과의원,치과의원,영업중,"대구광역시 북구 팔달로 149, 6층 (노원동3가, 덕인빌딩)",,35.88936773,128.5664307,053-351-2080,2024-07-31
174,꿈나무연합소아청소년과의원,의원,영업중,"대구광역시 북구 학정로 419, 3층 302,303호 (동천동, 동천동빌딩)",대구광역시 북구 동천동 912번지 2호 ,35.94211181,128.5630466,053-324-7100,2024-07-31
175,부부연합속내과의원,의원,영업중,"대구광역시 북구 중앙대로 528, 5층 (칠성동2가)",대구광역시 북구 칠성동 369번지 1호 5층 ,35.88002317,128.5961903,053-425-5959,2024-07-31
176,행복을심는강치과의원,치과의원,영업중,"대구광역시 북구 학정로 529, 3,4층 (학정동)",대구광역시 북구 국우동 305번지 3~4층 ,35.95201747,128.5650024,053-633-7588,2024-07-31
177,굿모닝신경과의원,의원,영업중,"대구광역시 북구 학정로 419, 3층 304호 (동천동)",,35.94211181,128.5630466,053-323-0075,2024-07-31
178,이맥한의원,한의원,영업중,"대구광역시 북구 칠성시장로 26, 2층 (칠성동1가)",대구광역시 북구 칠성동 276번지 110호 ,35.87656655,128.6043009,053-421-6777,2024-07-31
179,신세계연합의원,의원,영업중,"대구광역시 북구 동북로 156, 1, 8층 (산격동)",,35.8994832,128.6096694,053-944-7575,2024-07-31
180,하늘치과의원,치과의원,영업중,"대구광역시 북구 동북로 163, 201동 3층 309호 (산격동)",대구광역시 북구 산격2동 500번지 1호 3층 201 309,35.89891339,128.612519,053-383-1010,2024-07-31
181,태전마취통증의학과의원,의원,영업중,대구광역시 북구 학정로 38 (태전동),대구광역시 북구 태전2동 1107번지 ,35.91325196,128.5468752,053-312-2266,2024-07-31
182,새누리한의원,한의원,영업중,"대구광역시 북구 학남로3길 42, 4층 (학정동)",,35.95236254,128.5678932,053-314-1079,2024-07-31
183,예아름치과의원,치과의원,영업중,대구광역시 북구 매전로 14 (매천동),대구광역시 북구 관문동 678번지 2층 ,35.90849519,128.5435775,053-356-2080,2024-07-31
184,정연합제통외과의원,의원,영업중,대구광역시 북구 대현로 95 (대현동),,35.88264384,128.6096542,053-954-5588,2024-07-31
185,큰사랑한의원,한의원,영업중,"대구광역시 북구 복현로 71, 상가 112동 206, 207호 (복현동, 복현블루밍브라운스톤 명문세가아파트)","대구광역시 북구 복현2동 234번지 5호 복현블루밍브라운스톤 명문세가아파트 206,2",35.89850135,128.622448,053-381-3253,2024-07-31
186,예사랑치과의원,치과의원,영업중,"대구광역시 북구 팔달로 167, 2층 (노원동3가)",대구광역시 북구 노원동 779번지 12호 2층 ,35.88898666,128.5684446,053-358-2828,2024-07-31
187,홍인치과의원,치과의원,영업중,"대구광역시 북구 칠성남로 121, 1층 (칠성동2가)",대구광역시 북구 칠성동 718번지 1층 ,35.87835494,128.5938253,053-286-2875,2024-07-31
188,현대안과의원,의원,영업중,대구광역시 북구 학정로 421 (동천동),대구광역시 북구 동천동 912번지 1호 일도프라자 302호 ,35.94237567,128.5630877,053-312-7575,2024-07-31
189,서변중앙한의원,한의원,영업중,대구광역시 북구 서변로 61 (서변동),,35.92131196,128.596396,053-955-7588,2024-07-31
190,강북리더스치과의원,치과의원,영업중,대구광역시 북구 칠곡중앙대로 481 (관음동),대구광역시 북구 관음동 1383번지 15호 (2층) ,35.9386718,128.5492028,053-325-5840,2024-07-31
191,공피부과의원,의원,영업중,대구광역시 북구 팔달로 149 (노원동3가),대구광역시 북구 노원동 763번지 3호 ,35.88936773,128.5664307,053-710-0710,2024-07-31
192,복현안심의원,의원,영업중,"대구광역시 북구 동북로 291, 3층 (복현동)",대구광역시 북구 복현2동 337번지 9호 3층 ,35.89277808,128.6221597,053-955-8200,2024-07-31
193,호수한의원,한의원,영업중,대구광역시 북구 학정로 431 (동천동),,35.94331137,128.5632635,053-321-7585,2024-07-31
194,칠곡바른정형외과의원,의원,영업중,대구광역시 북구 구암로 149 (동천동),,35.93197928,128.5571362,053-321-9575,2024-07-31
195,대구리더스치과의원,치과의원,영업중,"대구광역시 북구 동북로 156, 6층 601호 (산격동, 스카이빌딩)",대구광역시 북구 산격3동 1238번지 1호 6층 ,35.8994832,128.6096694,053-955-2080,2024-07-31
196,파티마연합마취통증의학과의원,의원,영업중,"대구광역시 북구 팔달로35길 11, 2층 (노원동3가)",대구광역시 북구 노원동 782번지 2층 ,35.88916585,128.5693309,053-351-7595,2024-07-31
197,오케이연합정형외과의원,의원,영업중,"대구광역시 북구 칠곡중앙대로 435, 1,4층 (관음동)",,35.93465052,128.5483257,053-217-0911,2024-07-31
198,예스연합비뇨기과의원,의원,영업중,"대구광역시 북구 동북로 160, 6층 (산격동)",대구광역시 북구 산격4동 1260번지 1호 (6층) ,35.89929395,128.610094,053-941-7766,2024-07-31
199,라이프치과의원,치과의원,영업중,"대구광역시 북구 대천로 91, 3층 (동천동)",대구광역시 북구 동천동 931번지 4호 진보빌딩 3층 ,35.9371362,128.5592415,053-323-9911,2024-07-31
200,애플치과의원,치과의원,영업중,"대구광역시 북구 학정로 50, 2층 (태전동)",대구광역시 북구 태전2동 1112번지 2층 ,35.91323297,128.5480761,053-312-2804,2024-07-31
201,다니엘치과의원,치과의원,영업중,대구광역시 북구 동천로24길 3 (동천동),,35.94209484,128.5609232,053-314-2275,2024-07-31
202,박이비인후과의원,의원,영업중,대구광역시 북구 대천로 93 (동천동),대구광역시 북구 동천동 931번지 5호 ,35.93709973,128.5594617,053-325-7577,2024-07-31
203,이앤이치과의원,치과의원,영업중,"대구광역시 북구 학정로 426, 301호 (구암동)",대구광역시 북구 구암동 766번지 301호 ,35.94269131,128.5639889,053-313-7528,2024-07-31
204,코아이비인후과의원,의원,영업중,"대구광역시 북구 동북로 172, 6층 (산격동)",대구광역시 북구 산격3동 1260번지 9호 6층 ,35.89890066,128.6112316,053-954-7585,2024-07-31
205,가톨릭이비인후과의원,의원,영업중,"대구광역시 북구 칠곡중앙대로 332, B동 2층 (태전동)",대구광역시 북구 태전2동 1074번지 2호 B동 2층 ,35.9253331,128.5475836,053-311-7579,2024-07-31
206,칠곡대구안과의원,의원,영업중,"대구광역시 북구 학정로 50, 3층 (태전동)",,35.91323297,128.5480761,053-358-7575,2024-07-31
207,윤정수연합내과의원,의원,영업중,"대구광역시 북구 팔거천동로 223, 2층,3층 (동천동, 수정빌딩)",,35.94398644,128.5579185,053-326-0006,2024-07-31
208,시티여성의원,의원,영업중,"대구광역시 북구 침산남로 153, 2층 (침산동, 청호빌딩)",대구광역시 북구 침산2동 265번지 8호 청호빌딩 2층 ,35.88820172,128.5925208,053-341-8899,2024-07-31
209,에프엠치과의원,치과의원,영업중,"대구광역시 북구 학정로 435, 2층 (동천동)",대구광역시 북구 동천동 896번지 3호 2층일부 ,35.94356118,128.5633043,053-314-2080,2024-07-31
210,삼성바른내과의원,의원,영업중,"대구광역시 북구 학정로 427, 2층 일부층 (동천동)",대구광역시 북구 동천동 896번지 2층 일부 ,35.94276007,128.5631723,053-312-7557,2024-07-31
211,칠곡맥치과의원,치과의원,영업중,대구광역시 북구 학정로 422 (구암동),대구광역시 북구 구암동 769번지 1호 304호 ,35.9421823,128.5638821,053-314-2876,2024-07-31
212,태전삼성연합의원,의원,영업중,"대구광역시 북구 학정로 50, 2층 (태전동)",,35.91323297,128.5480761,053-327-3119,2024-07-31
213,미소가득한치과의원,치과의원,영업중,"대구광역시 북구 학정로 421, 402,403호 (동천동)","대구광역시 북구 동천동 912번지 1호 402호, 403호 ",35.94237567,128.5630877,053-312-2875,2024-07-31
214,명심한의원,한의원,영업중,"대구광역시 북구 칠곡중앙대로 404, 5층 (태전동)",,35.93179495,128.5486077,053-314-7875,2024-07-31
215,행림치과의원,치과의원,영업중,"대구광역시 북구 칠곡중앙대로 573, 3층 (읍내동)",대구광역시 북구 읍내동 522번지 1호 ,35.94683213,128.5509564,053-313-0075,2024-07-31
216,서울연합마취통증의학과의원,의원,영업중,"대구광역시 북구 학정로 435, 3층 (동천동)",,35.94356118,128.5633043,053-322-8275,2024-07-31
217,칠곡누가한의원,한의원,영업중,대구광역시 북구 칠곡중앙대로 533 (읍내동),대구광역시 북구 읍내동 774번지 4호 ,35.9433534,128.5504591,053-322-0750,2024-07-31
218,이앤아이치과의원,치과의원,영업중,대구광역시 북구 동북로 160 (산격동),,35.89929395,128.610094,053-959-2879,2024-07-31
219,병인한의원,한의원,영업중,대구광역시 북구 학정로 38 (태전동),,35.91325196,128.5468752,053-314-7515,2024-07-31
220,성북우리들의원,의원,영업중,"대구광역시 북구 연암로 100, 2층 (산격동)",대구광역시 북구 산격1동 793번지 13호 2층 ,35.89351281,128.5943508,053-941-8275,2024-07-31
221,김태완아이봄치과의원,치과의원,영업중,"대구광역시 북구 침산남로 134, 3층 (침산동)",대구광역시 북구 침산1동 260번지 1호 3층 ,35.88820352,128.5902833,053-358-7528,2024-07-31
222,별소아청소년과의원,의원,영업중,"대구광역시 북구 동북로 345, 3층 303-1호 (복현동, 복현푸르지오상가동)",대구광역시 북구 복현2동 317번지 ,35.89258902,128.627348,053-958-6676,2024-07-31
223,늘편한신경외과의원,의원,영업중,"대구광역시 북구 동북로 172, 2,3층 (산격동)","대구광역시 북구 산격3동 1260번지 9호 2층일부, 3층일부 ",35.89890066,128.6112316,053-952-2345,2024-07-31
224,푸른연합의원,의원,영업중,"대구광역시 북구 학정동로 45, 2층 (학정동)",대구광역시 북구 국우동 976번지 1호 ,35.94792123,128.5671804,053-321-0006,2024-07-31
225,김종철내과의원,의원,영업중,대구광역시 북구 학정로 38 (태전동),대구광역시 북구 태전2동 1107번지 (2층) ,35.91325196,128.5468752,053-313-0112,2024-07-31
226,이명수정형외과의원,의원,영업중,"대구광역시 북구 학정로106길 10, 1,4층 (학정동)",,35.95174724,128.5665686,053-325-7187,2024-07-31
227,박내과의원,의원,영업중,"대구광역시 북구 팔달로 163, 가동 1층 (노원동3가)",대구광역시 북구 노원동 770번지 2호 1층가동 ,35.88907869,128.5678419,053-341-7523,2024-07-31
228,아이샘치과의원,치과의원,영업중,"대구광역시 북구 팔거천동로 217, 2층 (동천동)",대구광역시 북구 동천동 952번지 1호 2층 ,35.94343993,128.5578262,053-314-1275,2024-07-31
229,조은이비인후과의원,의원,영업중,"대구광역시 북구 매전로 78, 2층 (태전동)",대구광역시 북구 태전2동 1125번지 2층 ,35.91258568,128.5468454,053-314-7577,2024-07-31
230,닥터배이비인후과의원,의원,영업중,"대구광역시 북구 동암로 90, C동 4층 405,406호 (동천동, 세븐밸리)",대구광역시 북구 동천동 895번지 1호 (3층) ,35.94413787,128.5603226,053-323-7582,2024-07-31
231,우리한의원,한의원,영업중,"대구광역시 북구 구암로 148, 2층 (구암동, 고려빌딩)",,35.93150756,128.556822,053-312-6175,2024-07-31
232,화담한의원,한의원,영업중,대구광역시 북구 칠곡중앙대로46길 29-1 (태전동),,35.91888313,128.5500806,053-314-1075,2024-07-31
233,중용당한의원,한의원,영업중,대구광역시 북구 구암로 150 (구암동),,35.93148363,128.5571169,053-784-1075,2024-07-31
234,마인드필정신건강의학과의원,의원,영업중,"대구광역시 북구 침산남로 136, 6층 (침산동, 동성빌딩)",대구광역시 북구 침산3동 260번지 10호 (동성빌딩6층) ,35.88815837,128.5904947,053-351-5566,2024-07-31
235,소망한의원,한의원,영업중,대구광역시 북구 칠곡중앙대로 324 (태전동),,35.92451341,128.5476542,053-314-9972,2024-07-31
236,조은미소치과의원,치과의원,영업중,"대구광역시 북구 태전로 3, 3층 (태전동)",대구광역시 북구 태전1동 206번지 2호 (3층) ,35.92071729,128.5458269,053-314-7528,2024-07-31
237,김주환치과의원,치과의원,영업중,"대구광역시 북구 팔달로 159-1, 3층 (노원동3가)",대구광역시 북구 노원동 769번지 1호 (3층) ,35.88909955,128.5675421,053-357-0005,2024-07-31
238,미소한의원,한의원,영업중,대구광역시 북구 학남로 18 (학정동),,35.94834607,128.5666799,053-292-7788,2024-07-31
239,대현이비인후과의원,의원,영업중,"대구광역시 북구 대현로 96, 2층 (대현동)",대구광역시 북구 대현동 407번지 12호 (2층일부) ,35.88232265,128.6095284,053-939-8577,2024-07-31
240,다나치과의원,치과의원,영업중,"대구광역시 북구 매전로 78, 2층 (태전동)",대구광역시 북구 태전1동 1125번지 (2층) ,35.91258568,128.5468454,053-311-2275,2024-07-31
241,세민한의원,한의원,영업중,대구광역시 북구 관음중앙로 47-1 (관음동),,35.93799552,128.5441177,053-313-7588,2024-07-31
242,칠곡경대연합마취통증의학과의원,의원,영업중,"대구광역시 북구 칠곡중앙대로 404, 6층 (태전동, 메디파크빌딩)",,35.93179495,128.5486077,053-313-2523,2024-07-31
243,단비한의원,한의원,영업중,대구광역시 북구 구암로 99-1 (읍내동),대구광역시 북구 읍내동 1381번지 17호 ,35.93248788,128.5517023,053-325-8899,2024-07-31
244,신세계의원,의원,영업중,"대구광역시 북구 학남로3길 41, 2층 (학정동)",대구광역시 북구 국우동 927번지 17호 ,35.95239391,128.5675816,053-326-8278,2024-07-31
245,칠곡동아정신건강의학과의원,의원,영업중,"대구광역시 북구 칠곡중앙대로 428, 4층 (읍내동)",대구광역시 북구 읍내동 1343번지 2호 (화타빌딩 4층) ,35.93385917,128.5489451,053-325-7582,2024-07-31
246,2080연합피부과의원,의원,영업중,대구광역시 북구 침산로 138 (침산동),대구광역시 북구 침산2동 285번지 5호 명성프라임 401,35.8888084,128.5918725,053-354-2800,2024-07-31
247,한국건강관리협회건강증진치과의원,치과의원,영업중,"대구광역시 북구 팔달로 23, 6층 (노원동3가)",대구광역시 북구 노원동 523번지 6층 ,35.89243137,128.5538197,053-350-9175,2024-07-31
248,센트럴치과의원,치과의원,영업중,대구광역시 북구 침산로 138 (침산동),"대구광역시 북구 침산2동 285번지 5,9번지 4층 ",35.8888084,128.5918725,053-352-7528,2024-07-31
249,라온연합의원,의원,영업중,"대구광역시 북구 동천로23길 6, 2층 (동천동)",대구광역시 북구 동천동 908번지 5호 루가빌딩 2층 ,35.94221246,128.5600896,053-654-0278,2024-07-31
250,수이비성형외과의원,의원,영업중,대구광역시 북구 칠곡중앙대로 435 (관음동),,35.93465052,128.5483257,053-321-1400,2024-07-31
251,건강장수한의원,한의원,영업중,"대구광역시 북구 팔달로 159, 2층 (노원동3가)",대구광역시 북구 노원동 768번지 1호 2층 ,35.88927115,128.5675473,053-766-7575,2024-07-31
252,가원한의원,한의원,영업중,대구광역시 북구 칠곡중앙대로 457 (관음동),,35.9365955,128.5487406,053-311-1075,2024-07-31
253,미소핀치과의원,치과의원,영업중,"대구광역시 북구 복현로 105, 203호 (복현동, 태왕아너스 상가)",대구광역시 북구 복현2동 190번지 1호 상가 203,35.89940202,128.6196596,053-381-7528,2024-07-31
254,고른이치과의원,치과의원,영업중,"대구광역시 북구 구암로 135, 5층 (동천동, 중앙빌딩)",대구광역시 북구 동천동 878번지 중앙빌딩 5층 ,35.93209925,128.5557097,053-322-4321,2024-07-31
255,강북가톨릭정형외과의원,의원,영업중,"대구광역시 북구 칠곡중앙대로 427, 1,2,3층 (관음동)",,35.93391513,128.5483303,053-327-1199,2024-07-31
256,명인한의원,한의원,영업중,대구광역시 북구 칠곡중앙대로 217 (태전동),,35.91550748,128.5481088,053-313-0232,2024-07-31
257,칠곡하얀림치과의원,치과의원,영업중,"대구광역시 북구 학정로 431, 3층 (동천동, 우리빌딩)",대구광역시 북구 동천동 896번지 4호 (3층) ,35.94331137,128.5632635,053-327-2275,2024-07-31
258,프라임강북점의원,의원,영업중,"대구광역시 북구 학정로 419, 동천동빌딩 5층 502,503호 (동천동)","대구광역시 북구 동천동 912번지 2호 동천동빌딩 5층 502호, 503호 ",35.94211181,128.5630466,053-326-5904,2024-07-31
259,효제통마취통증의학과의원,의원,영업중,대구광역시 북구 팔달로 157 (노원동3가),대구광역시 북구 노원동 765번지 8호 (2층) ,35.88917697,128.567334,053-358-0290,2024-07-31
260,이시우의미치과의원,치과의원,영업중,대구광역시 북구 칠곡중앙대로 302 (태전동),대구광역시 북구 태전2동 422번지 16호 (3층) ,35.92260868,128.54715,053-321-6383,2024-07-31
261,섬기는내과의원,의원,영업중,대구광역시 북구 호국로 215 (서변동),대구광역시 북구 무태조야동 1787번지 대성골든프라자2차 201,35.92085908,128.5988176,053-952-7585,2024-07-31
262,서현지소아청소년과의원,의원,영업중,대구광역시 북구 대현남로 42 (대현동),대구광역시 북구 대현동 391번지 1호 ,35.88174388,128.6077165,053-958-0119,2024-07-31
263,태전정형외과연합의원,의원,영업중,"대구광역시 북구 칠곡중앙대로 302, 1층 (태전동)",,35.92260868,128.54715,053-324-7585,2024-07-31
264,삼성제통마취통증의학과의원,의원,영업중,"대구광역시 북구 팔달로 169, 2층 (노원동3가)",,35.88909113,128.568663,053-352-7582,2024-07-31
265,가톨릭정충일안과의원,의원,영업중,"대구광역시 북구 학정로 431, 3층 301호 (동천동, 우리빌딩)",대구광역시 북구 동천동 896번지 4호 우리빌딩 301,35.94331137,128.5632635,053-322-7525,2024-07-31
266,동산연합정형외과의원,의원,영업중,"대구광역시 북구 원대로 76, 1층일부, 2층일부,  4층 (고성동3가)","대구광역시 북구 고성동 123번지 1호 1층일부, 2층일부, 4층 ",35.88423852,128.5819375,053-356-0070,2024-07-31
267,세란치과의원,치과의원,영업중,"대구광역시 북구 칠곡중앙대로 386-1, 2층 (태전동)",대구광역시 북구 태전1동 1003번지 3호 ,35.93021288,128.5483377,053-322-0275,2024-07-31
268,경원한의원,한의원,영업중,"대구광역시 북구 팔거천동로 80, 2층 (구암동)",대구광역시 북구 구암동 654번지 2층 ,35.93143747,128.5550548,053-314-7579,2024-07-31
269,산격연합의원,의원,영업중,대구광역시 북구 산격로 48 (산격동),,35.89485515,128.6055429,053-942-0075,2024-07-31
270,한마음연합의원,의원,영업중,"대구광역시 북구 복현로 90, 2층 (복현동)",,35.89951619,128.6220632,053-384-7582,2024-07-31
271,행복한e-치과의원,치과의원,영업중,대구광역시 북구 태전로 25 (태전동),대구광역시 북구 태전1동 155번지 27호 (2층) ,35.92262816,128.5447276,053-311-2875,2024-07-31
272,동방한의원,한의원,영업중,대구광역시 북구 대천로 74 (동천동),,35.93696009,128.5573008,053-314-1475,2024-07-31
273,아름다운한의원,한의원,영업중,"대구광역시 북구 학정로 432, 3층 일부층 (구암동)",,35.94324063,128.5640732,053-312-7582,2024-07-31
274,칠곡제이(J)성형외과의원,의원,영업중,대구광역시 북구 칠곡중앙대로 411 (태전동),대구광역시 북구 태전1동 940번지 3층 ,35.93252619,128.5479956,053-313-6767,2024-07-31
275,행복한내과의원,의원,영업중,대구광역시 북구 칠곡중앙대로 404 (태전동),대구광역시 북구 태전1동 993번지 12호 (2층) ,35.93179495,128.5486077,053-326-7075,2024-07-31
276,미즈슬림의원,의원,영업중,"대구광역시 북구 동북로 162, 2층 (산격동)",대구광역시 북구 산격3동 1260번지 3호 2층 ,35.89923567,128.6103677,053-954-0129,2024-07-31
277,수경희한의원,한의원,영업중,"대구광역시 북구 침산남로 140, 엠비프라자 302호 (침산동)",,35.88808771,128.5909513,053-355-3530,2024-07-31
278,미드미치과의원,치과의원,영업중,대구광역시 북구 침산로 124 (침산동),대구광역시 북구 침산2동 245번지 8호 ,35.88729176,128.5917513,053-351-8275,2024-07-31
279,강북동산치과의원,치과의원,영업중,"대구광역시 북구 학정로 432, 3층 (구암동)",대구광역시 북구 구암동 765번지 4호 (3층일부) ,35.94324063,128.5640732,053-326-2882,2024-07-31
280,동서변정형외과의원,의원,영업중,"대구광역시 북구 호국로 215, B동 203호 (서변동, 대성동서변골드프라자 상가)",,35.92085908,128.5988176,053-958-7582,2024-07-31
281,조일한의원,한의원,영업중,"대구광역시 북구 칠성시장로 10, 701호 (칠성동1가)",대구광역시 북구 칠성동 153번지 4호 701,35.87532371,128.6050956,053-427-0434,2024-07-31
282,칠곡길한의원,한의원,영업중,대구광역시 북구 학정로 426 (구암동),,35.94269131,128.5639889,053-313-3315,2024-07-31
283,김숙현산부인과의원,의원,영업중,대구광역시 북구 침산남로 154 (침산동),대구광역시 북구 침산2동 265번지 11호 메이저타워 302,35.88784566,128.5922773,053-359-1090,2024-07-31
284,필연합의원,의원,영업중,"대구광역시 북구 침산로 144, 5층 (침산동)",대구광역시 북구 침산2동 285번지 4호 (5층) ,35.88925904,128.5915139,053-357-8575,2024-07-31
285,영대연합안과의원,의원,영업중,"대구광역시 북구 침산남로 154, 6층 (침산동)",대구광역시 북구 침산2동 265번지 11호 (6층) ,35.88784566,128.5922773,053-356-1030,2024-07-31
286,정다운산부인과의원,의원,영업중,"대구광역시 북구 학정로 431, 5층 501,502호 (동천동)","대구광역시 북구 동천동 896번지 4호 5층 501호, 502호 ",35.94331137,128.5632635,053-313-7005,2024-07-31
287,늘푸른한의원,한의원,영업중,대구광역시 북구 연암로 128 (산격동),,35.89594565,128.5951425,053-943-1075,2024-07-31
288,참이비인후과의원,의원,영업중,"대구광역시 북구 침산남로 154, 401호 (침산동)",대구광역시 북구 침산2동 265번지 11호 메이저타워 401호 ,35.88784566,128.5922773,053-351-8851,2024-07-31
289,큰사랑치과의원,치과의원,영업중,"대구광역시 북구 태암로 68, 2층 (구암동)",대구광역시 북구 구암동 688번지 1호 (2층) ,35.92793185,128.5552148,053-324-8275,2024-07-31
290,탑연합치과의원,치과의원,영업중,"대구광역시 북구 침산로 93, 3층 7호 (칠성동2가, 스펙트럼시티)",대구광역시 북구 칠성동 20번지 1호 스펙트럼시티 3층 7호 ,35.88522557,128.5897899,053-351-2804,2024-07-31
291,강북보건지소,보건지소,영업중,"대구광역시 북구 대천로 81 (동천동, 동천동 주민센터)",대구광역시 북구 동천동 930번지 2호 ,35.9373275,128.5581813,053-665-4200,2024-07-31
292,대구성모안과의원,의원,영업중,"대구광역시 북구 동북로 168, 3층 (산격동)",대구광역시 북구 산격3동 1260번지 6호 (3층일부) ,35.89905021,128.6108447,053-955-1090,2024-07-31
293,참피부과의원,의원,영업중,"대구광역시 북구 학정로 415, 304호 (동천동)",대구광역시 북구 동천동 912번지 3호 메가타운 304,35.94184552,128.5629842,053-314-7585,2024-07-31
294,현대연합정형외과의원,의원,영업중,"대구광역시 북구 대현로 94, 1,4,5,6층 (대현동)",,35.88233865,128.6092624,053-957-8275,2024-07-31
295,산격수정형외과의원,의원,영업중,대구광역시 북구 동북로 146 (산격동),,35.90013487,128.6087776,053-952-7582,2024-07-31
296,고은연합소아청소년과의원,의원,영업중,"대구광역시 북구 침산남로 140, 3층 (침산동, 메가타운)",대구광역시 북구 침산3동 260번지 8호 MB플라자 402호 ,35.88808771,128.5909513,053-341-5225,2024-07-31
297,신내과의원,의원,영업중,"대구광역시 북구 칠곡중앙대로 457, 2층 (관음동)",대구광역시 북구 관음동 1386번지 15호 (2층) ,35.9365955,128.5487406,053-313-8575,2024-07-31
298,에스비뇨기과의원,의원,영업중,"대구광역시 북구 학정로 416, 203호 (구암동)",대구광역시 북구 구암동 769번지 3호 203,35.94179538,128.5638106,053-325-0075,2024-07-31
299,예사랑소아청소년과의원,의원,영업중,"대구광역시 북구 동변로 24, 225동 201호 (동변동, U대회선수촌2단지)",대구광역시 북구 무태조야동 682번지 U대회선수촌2단지 225 201,35.91623317,128.6025423,053-954-8275,2024-07-31
300,복현아름다운치과의원,치과의원,영업중,"대구광역시 북구 동북로 290, 3층 (복현동)",대구광역시 북구 복현1동 479번지 4호 3층일부 ,35.89236561,128.6216143,053-955-7528,2024-07-31
301,청송한의원,한의원,영업중,대구광역시 북구 팔달로 215-2 (노원동2가),,35.88819975,128.5737296,053-351-3388,2024-07-31
302,엠치과의원,치과의원,영업중,"대구광역시 북구 학정로 439, 2층 (동천동)",대구광역시 북구 동천동 896번지 2호 ,35.94387919,128.5633389,053-326-9885,2024-07-31
303,송한방한의원,한의원,영업중,대구광역시 북구 칠곡중앙대로 200 (태전동),,35.9138386,128.5490355,053-312-7588,2024-07-31
304,김정수이비인후과의원,의원,영업중,"대구광역시 북구 학정로 415, 303호 (동천동, 메가타운)",대구광역시 북구 동천동 912번지 3호 (3층일부) ,35.94184552,128.5629842,053-327-3338,2024-07-31
305,칠곡명인치과의원,치과의원,영업중,대구광역시 북구 동암로12길 8 (동천동),대구광역시 북구 동천동 968번지 (홈플러스 2층) ,35.94484991,128.5559672,053-321-5722,2024-07-31
306,서변치과의원,치과의원,영업중,"대구광역시 북구 호국로 215, 204호 (서변동, 대성골드프라자)",대구광역시 북구 무태조야동 1787번지 204,35.92085908,128.5988176,053-951-7275,2024-07-31
307,해산한의원,한의원,영업중,대구광역시 북구 팔달로 185 (노원동2가),,35.88875778,128.570381,053-356-3060,2024-07-31
308,하유선치과의원,치과의원,영업중,"대구광역시 북구 서변로 63, 2층 (서변동)",대구광역시 북구 무태조야동 1746번지 7호 2층 ,35.92142883,128.5964029,053-951-2275,2024-07-31
309,칠곡열린치과의원,치과의원,영업중,"대구광역시 북구 팔거천동로 80, 2층 (구암동)",대구광역시 북구 구암동 654번지 (2층일부) ,35.93143747,128.5550548,053-312-7528,2024-07-31
310,칠곡연합정신건강의학과의원,의원,영업중,"대구광역시 북구 칠곡중앙대로 400, 2층 (태전동)",대구광역시 북구 태전2동 993번지 9호 2층 ,35.93133754,128.5485651,053-323-5831,2024-07-31
311,대성한의원,한의원,영업중,대구광역시 북구 동북로 166 (산격동),대구광역시 북구 산격3동 1260번지 5호 2층 ,35.89916708,128.6106639,053-951-8200,2024-07-31
312,미래연합속내과의원,의원,영업중,"대구광역시 북구 학정로 439, 칠곡메가타운 3층 (동천동)",대구광역시 북구 동천동 896번지 2호 칠곡메가타운 ,35.94387919,128.5633389,053-322-6644,2024-07-31
313,미소지앤의원,의원,영업중,"대구광역시 북구 동북로 172, 2층 (산격동)",대구광역시 북구 산격3동 1260번지 9호 2층 일부 ,35.89890066,128.6112316,053-381-3334,2024-07-31
314,칠곡명안과의원,의원,영업중,"대구광역시 북구 학정로 429, 301호 (동천동)",,35.94307553,128.563237,053-314-8275,2024-07-31
315,침산동아치과의원,치과의원,영업중,"대구광역시 북구 침산로21길 24, 109동 201호 (침산동)",,35.88684514,128.5876483,053-351-2842,2024-07-31
316,미즈피부과의원,의원,영업중,"대구광역시 북구 침산남로 154, 3층 (침산동, 메이저타운)",대구광역시 북구 침산2동 265번지 11호 (메이저타워 3층) ,35.88784566,128.5922773,053-341-8275,2024-07-31
317,조재영이비인후과의원,의원,영업중,"대구광역시 북구 침산로 128, 3층 (침산동, 동광빌딩)",대구광역시 북구 침산2동 248번지 5호 (3층일부) ,35.887663,128.5918422,053-356-3775,2024-07-31
318,영남속시원내과의원,의원,영업중,"대구광역시 북구 침산로 128, 4층 (침산동, 동광빌딩)",대구광역시 북구 침산2동 248번지 5호 4층 ,35.887663,128.5918422,053-355-3575,2024-07-31
319,해바라기치과의원,치과의원,영업중,"대구광역시 북구 침산로 128, 5층 (침산동, 동광빌딩)",대구광역시 북구 침산2동 248번지 5호 동광빌딩(5층일부) ,35.887663,128.5918422,053-351-0275,2024-07-31
320,에이연합정형외과의원,의원,영업중,대구광역시 북구 연암로 135-2 (산격동),,35.89680782,128.5949488,053-944-0119,2024-07-31
321,새동산산부인과의원,의원,영업중,"대구광역시 북구 칠곡중앙대로 407, 2~5층 (태전동)",,35.93203947,128.5480527,053-324-1616,2024-07-31
322,건강한내과와 튼튼한소아과의원,의원,영업중,"대구광역시 북구 원대로 42, 2층 (고성동2가)",대구광역시 북구 고성동 116번지 2호 (2층 일부) ,35.88117689,128.5810205,053-341-7582,2024-07-31
323,동변사과나무치과의원,치과의원,영업중,"대구광역시 북구 동변로 24, 224동 202층 (동변동, 선수촌2단지apt)",대구광역시 북구 무태조야동 682번지 U대회선수촌2단지 224 202,35.91623317,128.6025423,053-953-2828,2024-07-31
324,혜인한의원,한의원,영업중,대구광역시 북구 학정로 421 (동천동),대구광역시 북구 동천동 912번지 1호 202,35.94237567,128.5630877,053-326-1075,2024-07-31
325,침산제일내과의원,의원,영업중,대구광역시 북구 침산로 138 (침산동),,35.8888084,128.5918725,053-341-0600,2024-07-31
326,튼튼소아과의원,의원,영업중,"대구광역시 북구 대천로 94, 2층 (동천동)",대구광역시 북구 동천동 934번지 5호 (2층일부) ,35.93665513,128.55937,053-313-0297,2024-07-31
327,예일연합의원,의원,영업중,"대구광역시 북구 호국로 219, 205호 (서변동, 대성골든프라자)",대구광역시 북구 무태조야동 1786번지 205,35.92137191,128.5988241,053-943-8003,2024-07-31
328,하이얀치과의원,치과의원,영업중,"대구광역시 북구 학정로 415, 503호 (동천동)",,35.94184552,128.5629842,053-312-0275,2024-07-31
329,프라임산부인과의원,의원,영업중,"대구광역시 북구 학정로 416, 3층 (구암동)",대구광역시 북구 구암동 769번지 3호 3층 ,35.94179538,128.5638106,053-326-5900,2024-07-31
330,임연수소아과의원,의원,영업중,"대구광역시 북구 구암로 142, 2층 (구암동)",대구광역시 북구 구암동 649번지 3호 (2층 일부) ,35.93155591,128.5562345,053-326-2040,2024-07-31
331,권형수한의원,한의원,영업중,대구광역시 북구 복현로 133 (복현동),,35.90139545,128.618087,053-383-7582,2024-07-31
332,하얀미소치과의원,치과의원,영업중,대구광역시 북구 구암로21길 1 (읍내동),,35.9324381,128.5521721,053-326-7528,2024-07-31
333,무태한의원,한의원,영업중,대구광역시 북구 호국로 219 (서변동),대구광역시 북구 무태조야동 1786번지 대성골든프라자 204,35.92137191,128.5988241,053-956-0075,2024-07-31
334,서변산부인과의원,의원,영업중,대구광역시 북구 호국로 219 (서변동),,35.92137191,128.5988241,053-951-5800,2024-07-31
335,열린이비인후과의원,의원,영업중,"대구광역시 북구 호국로 219, 201호 (서변동, 서변골드프라자)",대구광역시 북구 무태조야동 1786번지 서변골드프라자 201호 ,35.92137191,128.5988241,053-951-8275,2024-07-31
336,새강북연합정형외과의원,의원,영업중,"대구광역시 북구 학정로 419, 1층2층6층일부,7층 층호 (동천동)",,35.94211181,128.5630466,053-324-7575,2024-07-31
337,강북예스치과의원,치과의원,영업중,"대구광역시 북구 칠곡중앙대로 455, 3층 (관음동)",,35.93637399,128.5487071,0507-1322-2825,2024-07-31
338,윤내과의원,의원,영업중,대구광역시 북구 태전로 3 (태전동),,35.92071729,128.5458269,053-311-9009,2024-07-31
339,기천한의원,한의원,영업중,대구광역시 북구 공항로 8 (복현동),,35.89760399,128.6161013,053-959-1075,2024-07-31
340,권한의원,한의원,영업중,"대구광역시 북구 구암로 147, 3층 (동천동)",,35.93200009,128.5568801,053-326-5075,2024-07-31
341,연세연합의원,의원,영업중,"대구광역시 북구 연암로 182, 1층 (산격동)",대구광역시 북구 산격1동 752번지 3호 1층 ,35.90068727,128.5967553,053-941-1151,2024-07-31
342,능성한의원,한의원,영업중,대구광역시 북구 호국로43길 8-12 (서변동),,35.92167749,128.5986684,053-952-7667,2024-07-31
343,미소지움치과의원,치과의원,영업중,"대구광역시 북구 호국로 219, 3층 301호 (서변동, 대성골든프라자)",대구광역시 북구 무태조야동 1786번지 301호 ,35.92137191,128.5988241,053-958-9580,2024-07-31
344,윤태경한의원,한의원,영업중,대구광역시 북구 칠곡중앙대로 455 (관음동),,35.93637399,128.5487071,053-326-8575,2024-07-31
345,고운이치과의원,치과의원,영업중,"대구광역시 북구 동변로 91, 3층 (동변동)",대구광역시 북구 무태조야동 669번지 4호 3층 ,35.92101407,128.6031081,053-955-2275,2024-07-31
346,칠곡정한의원,한의원,영업중,대구광역시 북구 구암로 87 (읍내동),,35.93259951,128.5502742,053-326-7585,2024-07-31
347,이재우한의원,한의원,영업중,대구광역시 북구 대천로 94 (동천동),,35.93665513,128.55937,053-326-0753,2024-07-31
348,문진치과의원,치과의원,영업중,"대구광역시 북구 복현로 71, 3층 303호 (복현동, 블루빙브라운스톤 명문세가 상가)",대구광역시 북구 복현2동 234번지 11호 블루밍브라운스톤 명문세가 상가 3층 303호 ,35.89850135,128.622448,053-382-3457,2024-07-31
349,강북행복을심는치과의원,치과의원,영업중,대구광역시 북구 대천로 93 (동천동),,35.93709973,128.5594617,053-323-2875,2024-07-31
350,새소망한의원,한의원,영업중,대구광역시 북구 동변로 79-1 (동변동),대구광역시 북구 무태조야동 674번지 17호 ,35.92046325,128.6033949,053-953-8275,2024-07-31
351,선내과의원,의원,영업중,"대구광역시 북구 학정로 436, 2층 202호 (구암동)",대구광역시 북구 구암동 765번지 3호 (202호) ,35.94347323,128.5641612,053-323-1188,2024-07-31
352,흰돌치과의원,치과의원,영업중,"대구광역시 북구 대천로 94, 4층 (동천동)",대구광역시 북구 동천동 934번지 6호 (4층일부) ,35.93665513,128.55937,053-326-6543,2024-07-31
353,강북학운외과의원,의원,영업중,"대구광역시 북구 칠곡중앙대로 400, 4~5층 (태전동)",,35.93133754,128.5485651,053-326-6789,2024-07-31
354,진가정의학과의원,의원,영업중,"대구광역시 북구 영송로 85, 3층 306호,307호 (태전동, 한신중앙아파트 상가)","대구광역시 북구 태전1동 936번지 1호 한신중앙아파트상가 306호, 307호 ",35.93279682,128.5426126,053-322-4101,2024-07-31
355,서정소아과의원,의원,영업중,"대구광역시 북구 학남로 100, 2층 204호,205호 (국우동, 주공그린빌 6단지 상가)",대구광역시 북구 국우동 1080번지 (주공그린빌 6단지상가 204호 205호) ,35.94387162,128.5684007,053-326-4030,2024-07-31
356,이찬영한의원,한의원,영업중,대구광역시 북구 중앙대로 542 (칠성동2가),대구광역시 북구 칠성동 382번지 21호 ,35.88134076,128.5966357,053-426-1275,2024-07-31
357,신세계경치과의원,치과의원,영업중,"대구광역시 북구 칠곡중앙대로 309, 4층 (태전동, 송림스포츠센타)",대구광역시 북구 태전1동 409번지 7호 ,35.92335283,128.5464656,053-313-0127,2024-07-31
358,아침한의원,한의원,영업중,대구광역시 북구 대천로18길 2 (동천동),,35.93680024,128.5582163,053-326-7510,2024-07-31
359,효제한의원,한의원,영업중,대구광역시 북구 학정로 416 (구암동),,35.94179538,128.5638106,053-326-2664,2024-07-31
360,장의원,의원,영업중,"대구광역시 북구 검단로 255, 상가2동 2층 201호 (검단동, 민들레아파트)",대구광역시 북구 검단동 1128번지 3호 ,35.91633576,128.6281406,053-383-7585,2024-07-31
361,김영수한의원,한의원,영업중,대구광역시 북구 팔달로33길 40 (노원동3가),대구광역시 북구 노원동 872번지 ,35.89026647,128.5671672,053-355-1075,2024-07-31
362,장원내과의원,의원,영업중,"대구광역시 북구 동변로 91, 2층 (동변동)",대구광역시 북구 무태조야동 669번지 4호 ,35.92101407,128.6031081,053-958-7214,2024-07-31
363,덕원한의원,한의원,영업중,대구광역시 북구 태전로 46 (태전동),,35.92453554,128.5443481,053-311-7582,2024-07-31
364,복현이튼연합치과의원,치과의원,영업중,"대구광역시 북구 공항로 8, 2층 (복현동)",대구광역시 북구 복현2동 200번지 2호 (2층) ,35.89760399,128.6161013,053-382-7528,2024-07-31
365,이-편한치과의원,치과의원,영업중,"대구광역시 북구 동북로 150, 2층 (산격동)",대구광역시 북구 산격3동 1237번지 14호 2층 일부 ,35.89986399,128.6090129,053-955-2833,2024-07-31
366,칠성한의원,한의원,영업중,대구광역시 북구 칠성시장로 28 (칠성동1가),,35.87697957,128.604501,053-424-4602,2024-07-31
367,제인한의원,한의원,영업중,대구광역시 북구 동변로 79 (동변동),,35.92034972,128.6034002,053-954-7676,2024-07-31
368,소문생생한의원,한의원,영업중,"대구광역시 북구 침산남로 175, 1층 (침산동)",대구광역시 북구 침산2동 145번지 2호 1층 ,35.8876952,128.5948554,053-351-1075,2024-07-31
369,가톨릭비뇨기과의원,의원,영업중,"대구광역시 북구 칠곡중앙대로 442, 2층,3층 (읍내동)",대구광역시 북구 읍내동 1341번지 4호 ,35.93515658,128.5491513,053-325-0021,2024-07-31
370,김민정치과의원,치과의원,영업중,"대구광역시 북구 호암로 30, 3층 (칠성동2가)",대구광역시 북구 칠성동 378번지 26호 (3층일부) ,35.88233504,128.5938775,053-359-0009,2024-07-31
371,호동연합의원,의원,영업중,"대구광역시 북구 관음중앙로28길 7, 2층 (관음동)",대구광역시 북구 관음동 1284번지 2호 (2층) ,35.94445318,128.5471891,053-326-0081,2024-07-31
372,부강정형외과의원,의원,영업중,대구광역시 북구 칠곡중앙대로 573 (읍내동),,35.94683213,128.5509564,053-326-7557,2024-07-31
373,하나연합정형외과의원,의원,영업중,"대구광역시 북구 팔달로 225, 1층일부,3~5층 (노원동2가)",대구광역시 북구 노원동 274번지 ,35.88805012,128.5748259,053-358-7300,2024-07-31
374,매천한의원,한의원,영업중,"대구광역시 북구 매전로4길 32, 상가404동 지하1층 401~403호 (매천동, 한신더휴웨스턴팰리스)",대구광역시 북구 관문동 750번지 한신더휴웨스턴팰리스 지하2층 401~403호 상가404 ,35.90622713,128.5420954,053-311-3007,2024-07-31
375,도남한의원,한의원,영업중,대구광역시 북구 구리로 192 (국우동),,35.9482811,128.5759159,053-322-9393,2024-07-31
376,새길정형외과의원,의원,영업중,"대구광역시 북구 팔거천동로 223, 102,201,501호 (동천동, 수정빌딩)","대구광역시 북구 동천동 951번지 2호 수정빌딩, 102,201,501호 ",35.94398644,128.5579185,053-313-1199,2024-07-31
377,전경숙산부인과의원,의원,영업중,"대구광역시 북구 팔달로 175, 3층 (노원동3가, 은광빌딩)",대구광역시 북구 노원동 781번지 은광빌딩 3층 ,35.88890918,128.5693743,053-352-3003,2024-07-31
378,칠곡파티마 마취통증의학과의원,의원,영업중,"대구광역시 북구 칠곡중앙대로 481, 2층 (관음동)",대구광역시 북구 관음동 1383번지 15호 (2층 일부) ,35.9386718,128.5492028,053-323-6966,2024-07-31
379,이춘희산부인과의원,의원,영업중,대구광역시 북구 동암로 2 (읍내동),대구광역시 북구 읍내동 519번지 2호 (2층) ,35.94680489,128.5519477,053-324-7686,2024-07-31
380,한솔치과의원,치과의원,영업중,"대구광역시 북구 구암로 17, 305호 (관음동, 한양수정아파트상가)",대구광역시 북구 관음동 1370번지 한양수정아파트상가 305,35.93663893,128.5429342,053-326-6700,2024-07-31
381,박병준치과의원,치과의원,영업중,대구광역시 북구 칠곡중앙대로 424 (읍내동),대구광역시 북구 읍내동 1343번지 4호 ,35.93349408,128.5488852,053-322-2875,2024-07-31
382,성모이비인후과의원,의원,영업중,대구광역시 북구 학정로 416 (구암동),대구광역시 북구 구암동 769번지 3호 (2층) ,35.94179538,128.5638106,053-326-7171,2024-07-31
383,늘푸른의원,의원,영업중,대구광역시 북구 태전로1길 26 (태전동),,35.92013236,128.5434455,053-311-0980,2024-07-31
384,대원한의원,한의원,영업중,대구광역시 북구 동북로 170-1 (산격동),,35.8989327,128.6111476,053-202-3370,2024-07-31
385,속시원내과 방사선과의원,의원,영업중,대구광역시 북구 동북로 172 (산격동),대구광역시 북구 산격3동 1260번지 9호 (5층) ,35.89890066,128.6112316,053-959-9001,2024-07-31
386,산격치과의원,치과의원,영업중,대구광역시 북구 산격로 48 (산격동),대구광역시 북구 산격3동 1410번지 41호 (2층) ,35.89485515,128.6055429,053-959-3030,2024-07-31
387,복음한의원,한의원,영업중,"대구광역시 북구 구암로 17, 115호 (관음동, 한양수정아파트상가)",,35.93663893,128.5429342,053-326-6767,2024-07-31
388,문한의원,한의원,영업중,"대구광역시 북구 태암로18길 2, [북구 태암로18길 6-4, 1층 (구암동) 포함] 1층 (구암동)","대구광역시 북구 구암동 686번지 7호 1층(북구 구암동 686-8번지, 1층 포함) ",35.92668932,128.5566569,053-325-7595,2024-07-31
389,칠곡피부과의원,의원,영업중,"대구광역시 북구 칠곡중앙대로 428, 2층,3층 (읍내동)",대구광역시 북구 읍내동 1343번지 2호 ,35.93385917,128.5489451,053-326-1111,2024-07-31
390,칠곡중앙의원,의원,영업중,"대구광역시 북구 칠곡중앙대로 299, 2층 (태전동)",대구광역시 북구 태전1동 414번지 3호 2층 ,35.92227688,128.5465136,053-323-0090,2024-07-31
391,동제한의원,한의원,영업중,대구광역시 북구 산격로 114 (산격동),,35.89953107,128.6086932,053-954-9048,2024-07-31
392,인성신경과의원,의원,영업중,대구광역시 북구 칠곡중앙대로 537 (읍내동),,35.94364923,128.5504602,053-323-0018,2024-07-31
393,김연합의원,의원,영업중,"대구광역시 북구 검단로 114, 2층 (검단동)",대구광역시 북구 검단동 936번지 9호 (2층) ,35.90676742,128.6201821,053-383-7571,2024-07-31
394,벧엘치과의원,치과의원,영업중,대구광역시 북구 원대로 42-1 (고성동2가),"대구광역시 북구 고성동 116번지 3호 (3층,4층) ",35.88128891,128.5809585,053-355-7575,2024-07-31
395,이재춘내과의원,의원,영업중,"대구광역시 북구 칠곡중앙대로 495, 2층 (관음동)",대구광역시 북구 관음동 1383번지 6호 2층 ,35.93992008,128.5496273,053-322-7682,2024-07-31
396,동산의원,의원,영업중,대구광역시 북구 고성로 154 (고성동2가),대구광역시 북구 고성동 111번지 2호 ,35.88100813,128.5825311,053-351-7582,2024-07-31
397,예당한의원,한의원,영업중,대구광역시 북구 칠곡중앙대로 542 (읍내동),,35.9438307,128.5511521,053-326-1575,2024-07-31
398,팔공산한의원,한의원,영업중,대구광역시 북구 연암로 188 (산격동),,35.90118293,128.5965221,053-954-3399,2024-07-31
399,강북연합내과의원,의원,영업중,"대구광역시 북구 구암로65길 52, 2층 (구암동, 상호빌딩)",대구광역시 북구 구암동 769번지 4호 (상호빌딩 2층) ,35.94172277,128.564182,053-326-7200,2024-07-31
400,공덕한의원,한의원,영업중,대구광역시 북구  중앙대로  509 (칠성동2가),,35.87855799,128.5951401,053-424-1275,2024-07-31
401,준이비인후과의원,의원,영업중,"대구광역시 북구 침산남로 138, 2층 (침산동, SK빌딩)",대구광역시 북구 침산3동 260번지 11호 (SK빌딩 2층) ,35.88815659,128.5906901,053-354-7582,2024-07-31
402,칠곡제일한의원,한의원,영업중,대구광역시 북구 칠곡중앙대로 493 (관음동),대구광역시 북구 관음동 1383번지 8호 ,35.93970684,128.5495525,053-325-7970,2024-07-31
403,새빛안과의원,의원,영업중,대구광역시 북구 칠곡중앙대로 411 (태전동),대구광역시 북구 태전1동 940번지 (3층) ,35.93252619,128.5479956,053-322-1901,2024-07-31
404,검단한의원,한의원,영업중,"대구광역시 북구 검단로 117, 203호,204호 (검단동, 유성아파트 상가)",,35.90745266,128.6201346,053-383-1800,2024-07-31
405,보은한의원,한의원,영업중,대구광역시 북구 대현로 102 (대현동),대구광역시 북구 대현동 270번지 7호 ,35.88208925,128.6100196,053-953-7582,2024-07-31
406,다정한치과의원,치과의원,영업중,대구광역시 북구 칠곡중앙대로 373 (태전동),대구광역시 북구 태전1동 1068번지 ,35.92912803,128.5474827,053-326-2822,2024-07-31
407,칠곡한빛치과의원,치과의원,영업중,대구광역시 북구 구암로65길 52 (구암동),대구광역시 북구 구암동 769번지 4호 (상호빌딩 3층) ,35.94172277,128.564182,053-326-2275,2024-07-31
408,이종현내과의원,의원,영업중,대구광역시 북구 경진로1길 42 (복현동),대구광역시 북구 복현1동 424번지 4호 ,35.89493709,128.6171778,053-955-8275,2024-07-31
409,고은치과의원,치과의원,영업중,대구광역시 북구 중앙대로 522 (칠성동2가),,35.87955086,128.5959679,053-421-1275,2024-07-31
410,이정재이비인후과의원,의원,영업중,"대구광역시 북구 구암로 136, 2층 (구암동)",대구광역시 북구 구암동 649번지 (2층) ,35.93160845,128.5556222,053-325-0566,2024-07-31
411,한마음한의원,한의원,영업중,"대구광역시 북구 동암로12길 15, 2층 (동천동)",대구광역시 북구 동천동 954번지 1호 2층일부 ,35.94361723,128.556941,053-321-7755,2024-07-31
412,새소망내과의원,의원,영업중,"대구광역시 북구 공항로 10, 지하1,1층 (복현동)","대구광역시 북구 복현2동 200번지 4호 (1층, 지하층 일부) ",35.89765484,128.6163205,053-943-0675,2024-07-31
413,산격마취통증의학과의원,의원,영업중,"대구광역시 북구 동북로 172, 4층 (산격동)",대구광역시 북구 산격3동 1260번지 9호 ,35.89890066,128.6112316,053-959-5139,2024-07-31
414,이메디치과의원,치과의원,영업중,대구광역시 북구 구암로 136 (구암동),,35.93160845,128.5556222,053-326-0275,2024-07-31
415,이아름다운치과의원,치과의원,영업중,대구광역시 북구 대현로 88-1 (대현동),대구광역시 북구 대현동 408번지 2호 3층 ,35.88246964,128.6086327,053-958-2828,2024-07-31
416,오내과의원,의원,영업중,대구광역시 북구 노원로 20 (노원동3가),대구광역시 북구 노원동 728번지 ,35.89106702,128.5652205,053-341-7575,2024-07-31
417,침산아름다운치과의원,치과의원,영업중,"대구광역시 북구 침산로 144, A동 501호 (침산동)",대구광역시 북구 침산2동 285번지 4호 ,35.88925904,128.5915139,053-353-8277,2024-07-31
418,하나치과의원,치과의원,영업중,"대구광역시 북구 칠곡중앙대로 419, 6층 (관음동)",대구광역시 북구 관음동 1378번지 7호 (6층) ,35.9332673,128.548114,053-325-2119,2024-07-31
419,동신치과의원,치과의원,영업중,"대구광역시 북구 동북로 163, 202동 201호 (산격동, 대우아파트상가)",대구광역시 북구 산격4동 500번지 1호 대우아파트상가 202 201,35.89891339,128.612519,053-382-2875,2024-07-31
420,권성현치과의원,치과의원,영업중,"대구광역시 북구 동북로 163 (산격동, 대우아파트 상가)","대구광역시 북구 산격2동 500번지 1호 대우아파트상가 201 203,204",35.89891339,128.612519,053-383-8275,2024-07-31
421,김문규이비인후과의원,의원,영업중,"대구광역시 북구 동북로 163, 2층 201호,202호 (산격동, 대우아파트상가)","대구광역시 북구 산격2동 500번지 1호 대우아파트 상가 201 201,202",35.89891339,128.612519,053-381-0035,2024-07-31
422,경북마취제통의원,의원,영업중,"대구광역시 북구 동북로 163, 201동 206호 (산격동, 대우아파트상가)",대구광역시 북구 산격2동 500번지 1호 대우아파트 상가 201 206,35.89891339,128.612519,053-382-8211,2024-07-31
423,구민한의원,한의원,영업중,대구광역시 북구 동북로 265 (복현동),,35.89426252,128.6197366,053-956-3724,2024-07-31
424,장영식가정의학과의원,의원,영업중,"대구광역시 북구 호암로 30, 2층 (칠성동2가)",대구광역시 북구 칠성동 378번지 26호 (2층일부) ,35.88233504,128.5938775,053-341-7588,2024-07-31
425,기세길내과의원,의원,영업중,"대구광역시 북구 대천로 88, 2층 (동천동)",대구광역시 북구 동천동 934번지 2호 2층 ,35.93674156,128.5587372,053-321-0005,2024-07-31
426,한마음산부인과의원,의원,영업중,"대구광역시 북구 칠성시장로 10, 2층 201호 (칠성동1가, M시티빌딩)",대구광역시 북구 칠성동 153번지 4호 2층 201,35.87532371,128.6050956,053-431-5050,2024-07-31
427,행복한산부인과의원,의원,영업중,"대구광역시 북구 팔달로 233, 지하1층~4층 (노원동2가)",,35.88792318,128.5754693,053-358-2200,2024-07-31
428,칠곡대신의원,의원,영업중,대구광역시 북구 팔거천동로 38 (구암동),,35.92808622,128.5527782,053-321-5957,2024-07-31
429,황부부치과의원,치과의원,영업중,"대구광역시 북구 검단로 117, 201호 (검단동, 유성상가)",대구광역시 북구 검단동 887번지 67호 ,35.90745266,128.6201346,053-383-2875,2024-07-31
430,보성치과의원,치과의원,영업중,대구광역시 북구 침산남로 147 (침산동),대구광역시 북구 침산2동 267번지 6호 ,35.88856855,128.5921619,053-356-2875,2024-07-31
431,최희동치과의원,치과의원,영업중,대구광역시 북구 동북로 168 (산격동),대구광역시 북구 산격3동 1260번지 6호 ,35.89905021,128.6108447,053-954-2282,2024-07-31
432,추동호정신과의원,의원,영업중,대구광역시 북구 검단로 3 (산격동),대구광역시 북구 산격2동 492번지 7호 ,35.89821326,128.6148481,053-383-2800,2024-07-31
433,성지가정의학과의원,의원,영업중,대구광역시 북구 산격로8길 1 (산격동),대구광역시 북구 산격3동 1410번지 7호 ,35.89377581,128.6053848,053-952-0848,2024-07-31
434,경희산부인과의원,의원,영업중,대구광역시 북구 칠곡중앙대로 404 (태전동),대구광역시 북구 태전1동 993번지 12호 ,35.93179495,128.5486077,053-325-7585,2024-07-31
435,복현피부과의원,의원,영업중,대구광역시 북구 동북로 288 (복현동),대구광역시 북구 복현1동 479번지 3호 ,35.89253864,128.6212532,053-953-5114,2024-07-31
436,김시형더좋은치과의원,치과의원,영업중,"대구광역시 북구 침산남로 140, 602호 (침산동)",대구광역시 북구 침산3동 260번지 8호 ,35.88808771,128.5909513,053-356-2804,2024-07-31
437,진선치과의원,치과의원,영업중,대구광역시 북구 산격로 95 (산격동),대구광역시 북구 산격4동 1218번지 15호 ,35.89858646,128.606933,053-955-4728,2024-07-31
438,제동치과의원,치과의원,영업중,대구광역시 북구 칠곡중앙대로 385-1 (태전동),대구광역시 북구 태전1동 961번지 19호 ,35.93017202,128.5476067,053-324-1360,2024-07-31
439,진석호치과의원,치과의원,영업중,"대구광역시 북구 학정로 429, 303호 (동천동)",,35.94307553,128.563237,053-326-2928,2024-07-31
440,칠곡현대치과의원,치과의원,영업중,"대구광역시 북구 칠곡중앙대로 411, 3층 (태전동, 우영팰리스빌딩)",대구광역시 북구 태전2동 940번지 ,35.93252619,128.5479956,053-321-1305,2024-07-31
441,평강한의원,한의원,영업중,대구광역시 북구 구암로 135 (동천동),,35.93209925,128.5557097,053-321-2120,2024-07-31
442,배비뇨기과의원,의원,영업중,대구광역시 북구 동북로 146 (산격동),대구광역시 북구 산격4동 1207번지 43호 ,35.90013487,128.6087776,053-957-4576,2024-07-31
443,드림비뇨의학과의원,의원,영업중,"대구광역시 북구 칠곡중앙대로 385-1, 3층 (태전동)",대구광역시 북구 태전1동 961번지 19호 3층 ,35.93017202,128.5476067,053-323-0411,2024-07-31
444,최용철연합치과의원,치과의원,영업중,"대구광역시 북구 칠성시장로 10, 2층 202호 (칠성동1가)",대구광역시 북구 칠성동 153번지 4호 2층 202,35.87532371,128.6050956,053-428-2875,2024-07-31
445,베드로신경외과의원,의원,영업중,대구광역시 북구 팔달로 155 (노원동3가),,35.88922805,128.5669901,053-351-8282,2024-07-31
446,전내과의원,의원,영업중,"대구광역시 북구 침산남로 50, 2층 (노원동1가)",대구광역시 북구 노원동 9번지 5호 ,35.8890656,128.5815602,053-355-3377,2024-07-31
447,제일내과의원,의원,영업중,대구광역시 북구 동북로 146 (산격동),대구광역시 북구 산격4동 1207번지 43호 ,35.90013487,128.6087776,053-959-0532,2024-07-31
448,동산안과의원,의원,영업중,"대구광역시 북구 칠곡중앙대로 404, 4층 401호 (태전동, 메디팜빌딩)",대구광역시 북구 태전2동 993번지 12호 메디팜빌딩 401호 ,35.93179495,128.5486077,053-323-9691,2024-07-31
449,가톨릭피부과의원,의원,영업중,대구광역시 북구 구암로15길 28 (읍내동),대구광역시 북구 읍내동 1140번지 ,35.93508322,128.5501291,053-320-2029,2024-07-31
450,동서한의원,한의원,영업중,대구광역시 북구 침산남로19길 2 (침산동),대구광역시 북구 침산3동 363번지 7호 ,35.8894265,128.5869152,053-355-1900,2024-07-31
451,김진홍치과의원,치과의원,영업중,대구광역시 북구 검단로 16 (복현동),대구광역시 북구 복현2동 539번지 17호 ,35.89925512,128.6155471,053-381-2895,2024-07-31
452,김규태안과의원,의원,영업중,"대구광역시 북구 동북로 163, 201동 304호,305층 (산격동, 대우아파트 상가)",대구광역시 북구 산격2동 500번지 1호 (대우아파트상가 201동 304호305호) ,35.89891339,128.612519,053-382-4020,2024-07-31
453,장시원속시원내과의원,의원,영업중,"대구광역시 북구 구암로 17, 209호 (관음동, 한양수정아파트 )",,35.93663893,128.5429342,053-323-6696,2024-07-31
454,복현연합내과의원,의원,영업중,"대구광역시 북구 공항로 7, 2층,5층 (복현동)","대구광역시 북구 복현2동 539번지 143호 2층,5층 ",35.89813834,128.6159288,053-943-9380,2024-07-31
455,연합치과의원,치과의원,영업중,대구광역시 북구 구암로 150 (구암동),대구광역시 북구 구암동 650번지 1호 ,35.93148363,128.5571169,053-324-3321,2024-07-31
456,필정신건강의학과의원,의원,영업중,"대구광역시 북구 팔달로 195, 2층 (노원동2가)",대구광역시 북구 노원동 372번지 4호 (2층) ,35.88855031,128.5713958,053-351-1275,2024-07-31
457,이원기연합내과의원,의원,영업중,"대구광역시 북구 구암로 135, 2층 (동천동)",대구광역시 북구 동천동 878번지 ,35.93209925,128.5557097,053-324-3535,2024-07-31
458,이부영한의원,한의원,영업중,대구광역시 북구 산격로 35 (산격동),,35.89385379,128.6050991,053-954-0075,2024-07-31
459,김우현치과의원,치과의원,영업중,"대구광역시 북구 칠곡중앙대로 404, 701호 (태전동)",대구광역시 북구 태전2동 993번지 12호 ,35.93179495,128.5486077,053-323-9132,2024-07-31
460,강북치과의원,치과의원,영업중,대구광역시 북구 칠곡중앙대로 516 (읍내동),대구광역시 북구 읍내동 945번지 ,35.94155822,128.5508793,053-324-8993,2024-07-31
461,인동한의원,한의원,영업중,"대구광역시 북구 동천로 125-16, 3층 (동천동, 우리빌딩 )",,35.94328166,128.5591052,053-323-9720,2024-07-31
462,경복의원,의원,영업중,대구광역시 북구 태전로7길 3 (태전동),대구광역시 북구 태전1동 155번지 19호 ,35.92314661,128.5440536,053-312-7374,2024-07-31
463,노원치과의원,치과의원,영업중,대구광역시 북구 노원로 90 (노원동3가),대구광역시 북구 노원동 1038번지 3호 ,35.89478,128.5716509,053-351-6400,2024-07-31
464,이상우치과의원,치과의원,영업중,대구광역시 북구 산격로 24 (산격동),대구광역시 북구 산격3동 1413번지 15호 ,35.89267253,128.6054133,053-942-2522,2024-07-31
465,김하식외과의원,의원,영업중,대구광역시 북구 칠곡중앙대로 219 (태전동),,35.91562512,128.5481481,053-312-5690,2024-07-31
466,유정균치과의원,치과의원,영업중,"대구광역시 북구 신암로 27, 3층 302호 (칠성동1가)",대구광역시 북구 칠성동 151번지 3호 3층 302,35.87525907,128.6054013,053-426-5797,2024-07-31
467,김동억소아청소년과의원,의원,영업중,"대구광역시 북구 구암로 17, 104호 (관음동, 한양수정아파트 상가 )",대구광역시 북구 관음동 1370번지 한양수정아파트 상가 104호~105호 ,35.93663893,128.5429342,053-323-6006,2024-07-31
468,동서정형외과의원,의원,영업중,대구광역시 북구 칠곡중앙대로 406 (태전동),,35.93194899,128.5486264,053-323-1500,2024-07-31
469,한영정형외과의원,의원,영업중,대구광역시 북구 칠곡중앙대로 443 (관음동),,35.93536174,128.54856,053-322-0031,2024-07-31
470,태전부부한의원,한의원,영업중,대구광역시 북구 학정로 436 (구암동),,35.94347323,128.5641612,053-321-0080,2024-07-31
471,세종한의원,한의원,영업중,"대구광역시 북구 칠곡중앙대로 392, 2층 (태전동)",대구광역시 북구 태전2동 995번지 17호 ,35.93076157,128.5484157,053-322-1154,2024-07-31
472,산격한의원,한의원,영업중,대구광역시 북구 산격로 74-1 (산격동),,35.89709683,128.6056504,053-958-7403,2024-07-31
473,정우연합외과의원,의원,영업중,대구광역시 북구 동암로 2 (읍내동),,35.94680489,128.5519477,053-322-0075,2024-07-31
474,임진치과의원,치과의원,영업중,"대구광역시 북구 칠성남로 198, 4층 (칠성동1가)",대구광역시 북구 칠성동 176번지 26호 (4층) ,35.87623359,128.6019505,053-423-7555,2024-07-31
475,김동응치과의원,치과의원,영업중,"대구광역시 북구 동북로 174, 3층 (산격동)",대구광역시 북구 산격3동 1261번지 1호 (3층) ,35.89876955,128.6116674,053-952-5754,2024-07-31
476,강창수비뇨기과의원,의원,영업중,대구광역시 북구 칠곡중앙대로 390 (태전동),대구광역시 북구 태전2동 1003번지 1호 (2층) ,35.93042531,128.5483702,053-321-0602,2024-07-31
477,전석구내과의원,의원,영업중,대구광역시 북구 동북로 297 (복현동),대구광역시 북구 복현2동 364번지 1호 (2층) ,35.89268432,128.6226033,053-957-6514,2024-07-31
478,권현우한의원,한의원,영업중,"대구광역시 북구 산격로 91, 1층 (산격동)",대구광역시 북구 산격4동 1218번지 9호 1층 ,35.89832446,128.6066596,053-957-6568,2024-07-31
479,이성형이비인후과의원,의원,영업중,대구광역시 북구 칠곡중앙대로 396 (태전동),대구광역시 북구 태전2동 995번지 8호 ,35.931027,128.5484544,053-322-7705,2024-07-31
480,유길한의원,한의원,영업중,"대구광역시 북구 검단로 28, 106동 201호 (복현동, 건영아파트상가 )",,35.90006204,128.6174982,053-383-7531,2024-07-31
481,동아이비인후과의원,의원,영업중,대구광역시 북구 칠곡중앙대로 424 (읍내동),대구광역시 북구 읍내동 1343번지 4호 ,35.93349408,128.5488852,053-322-1245,2024-07-31
482,선우속시원내과의원,의원,영업중,"대구광역시 북구 칠곡중앙대로 393, 3층 (태전동)",대구광역시 북구 태전1동 1063번지 ,35.93089963,128.5478144,053-322-0313,2024-07-31
483,경대연합내과의원,의원,영업중,대구광역시 북구 칠곡중앙대로 461 (관음동),대구광역시 북구 관음동 1386번지 12호 ,35.93701324,128.5488058,053-322-6466,2024-07-31
484,성심연합의원,의원,영업중,대구광역시 북구 동북로 260 (복현동),,35.89412731,128.6189247,053-956-8227,2024-07-31
485,고원섭내과의원,의원,영업중,대구광역시 북구 구암로 150 (구암동),대구광역시 북구 구암동 650번지 1호 ,35.93148363,128.5571169,053-321-8207,2024-07-31
486,한국건강관리협회 건강증진의원,의원,영업중,대구광역시 북구 팔달로 23(노원동3가),대구광역시 북구 노원동 523번지 ,35.89243137,128.5538197,053-350-9000,2024-07-31
487,박시화내과의원,의원,영업중,대구광역시 북구 칠성시장로7길 36 (칠성동1가),대구광역시 북구 칠성동 180번지 3호 ,35.8759283,128.6021118,053-427-1890,2024-07-31
488,윤영팔안과의원,의원,영업중,대구광역시 북구 칠곡중앙대로 389 (태전동),대구광역시 북구 태전1동 961번지 22호 ,35.93049135,128.5477565,053-321-3880,2024-07-31
489,류외과연합의원,의원,영업중,"대구광역시 북구 검단로 112, 1층, 지하1층 (검단동)",대구광역시 북구 검단동 936번지 3호 ,35.90657589,128.6199782,053-382-7585,2024-07-31
490,이승표내과의원,의원,영업중,대구광역시 북구 대현로 99 (대현동),대구광역시 북구 대현동 155번지 7호 ,35.88258237,128.6099041,053-952-3324,2024-07-31
491,박태우한의원,한의원,영업중,대구광역시 북구 칠곡중앙대로 339 (태전동),,35.92602013,128.5470526,053-322-3515,2024-07-31
492,박대근치과의원,치과의원,영업중,대구광역시 북구 대현로 96 (대현동),대구광역시 북구 대현동 407번지 12호 ,35.88232265,128.6095284,053-954-2875,2024-07-31
493,강북한의원,한의원,영업중,"대구광역시 북구 칠곡중앙대로 406, 2층 (태전동)",,35.93194899,128.5486264,053-321-7575,2024-07-31
494,북대구치과의원,치과의원,영업중,대구광역시 북구 칠곡중앙대로 529 (읍내동),대구광역시 북구 읍내동 781번지 5호 ,35.94297861,128.550473,053-321-2875,2024-07-31
495,갑자한의원,한의원,영업중,대구광역시 북구 동북로 236 (복현동),,35.89564221,128.6170589,053-942-3191,2024-07-31
496,만평치과의원,치과의원,영업중,대구광역시 북구 팔달로 141 (노원동3가),대구광역시 북구 노원동 761번지 8호 ,35.88941272,128.5655924,053-355-1319,2024-07-31
497,이석현치과의원,치과의원,영업중,대구광역시 북구 동북로 285 (복현동),대구광역시 북구 복현2동 340번지 35호 ,35.89323235,128.6214519,053-958-0293,2024-07-31
498,류경치과의원,치과의원,영업중,대구광역시 북구 동북로65길 5 (복현동),대구광역시 북구 복현2동 376번지 15호 ,35.89165313,128.6257161,053-957-2875,2024-07-31
499,성신연합의원,의원,영업중,대구광역시 북구 연암로 190 (산격동),,35.90138311,128.5965058,053-943-0351,2024-07-31
500,손석수이비인후과의원,의원,영업중,대구광역시 북구 동북로 170 (산격동),대구광역시 북구 산격3동 1260번지 7호 ,35.8989722,128.6110041,053-953-5434,2024-07-31
501,이인구치과의원,치과의원,영업중,"대구광역시 북구 노원로 21, 나동 (노원동3가)",대구광역시 북구 노원동 373번지 2호 ,35.89161145,128.5651826,053-353-8762,2024-07-31
502,칠곡킴스연합의원,의원,영업중,"대구광역시 북구 관음중앙로 167, 2층 (읍내동)",대구광역시 북구 읍내동 663번지 ,35.94513175,128.5505324,053-322-2100,2024-07-31
503,가람한의원,한의원,영업중,대구광역시 북구 대학로 5 (산격동),,35.88856725,128.6022868,053-941-0144,2024-07-31
504,연수당한의원,한의원,영업중,대구광역시 북구 복현로 8 (복현동),,35.89308118,128.6229899,053-959-6600,2024-07-31
505,박대열치과의원,치과의원,영업중,"대구광역시 북구 칠곡중앙대로 223, 2층 (태전동)",대구광역시 북구 태전2동 496번지 8호 ,35.91587564,128.5481825,053-311-5824,2024-07-31
506,서혜상내과의원,의원,영업중,대구광역시 북구 연암로22길 1 (산격동),대구광역시 북구 산격1동 845번지 ,35.89420066,128.5944721,053-959-8500,2024-07-31
507,아주연합정형외과의원,의원,영업중,"대구광역시 북구 동북로 277, 1~4층 (복현동)",,35.89349639,128.620691,053-959-0331,2024-07-31
508,제일신경외과의원,의원,영업중,"대구광역시 북구 동북로 254, 2층 (복현동)",대구광역시 북구 복현1동 427번지 5호 2층 ,35.89459797,128.6182965,053-959-0551,2024-07-31
509,최한의원,한의원,영업중,대구광역시 북구 신암로 107 (대현동),,35.88051794,128.6110469,053-958-3131,2024-07-31
510,미강의원,의원,영업중,대구광역시 북구 동북로 170 (산격동),대구광역시 북구 산격3동 1260번지 7호 ,35.8989722,128.6110041,053-955-8575,2024-07-31
511,이승철내과의원,의원,영업중,"대구광역시 북구 동북로 162, 4층, 5층 (산격동)",,35.89923567,128.6103677,053-959-3337,2024-07-31
512,우림한의원,한의원,영업중,대구광역시 북구 동북로 246 (복현동),,35.8950586,128.6177572,053-957-5338,2024-07-31
513,덕인한의원,한의원,영업중,대구광역시 북구 팔달로 149 (노원동3가),,35.88936773,128.5664307,053-351-8700,2024-07-31
514,북대구의원,의원,영업중,대구광역시 북구 칠곡중앙대로 205 (태전동),대구광역시 북구 태전2동 789번지 5호 ,35.91445354,128.5481896,053-311-1319,2024-07-31
515,동대구정형외과의원,의원,영업중,"대구광역시 북구 신암로 105 (대현동, 1,2층 일부)","대구광역시 북구 대현동 277번지 51호 1,2층 일부 ",35.88027484,128.6108029,053-941-6370,2024-07-31
516,권현치과의원,치과의원,영업중,대구광역시 북구 동북로 268 (복현동),대구광역시 북구 복현1동 459번지 6호 (6층) ,35.89371663,128.6194751,053-957-2477,2024-07-31
517,김시환내과의원,의원,영업중,대구광역시 북구 동북로 311 (복현동),대구광역시 북구 복현2동 375번지 13호 ,35.89213348,128.623981,053-959-3800,2024-07-31
518,연합수치과의원,치과의원,영업중,"대구광역시 북구 학정로 38, 4층 (태전동)",대구광역시 북구 태전2동 1107번지 4층 일부 ,35.91325196,128.5468752,053-311-1653,2024-07-31
519,신수현소아청소년과의원,의원,영업중,대구광역시 북구 구암로 137 (동천동),대구광역시 북구 동천동 878번지 1호 ,35.93208293,128.5559185,053-323-2477,2024-07-31
520,장수한의원,한의원,영업중,대구광역시 북구 침산남로7길 2 (노원동1가),,35.88901333,128.5798696,053-353-4524,2024-07-31
521,한민행복을심는치과의원,치과의원,영업중,대구광역시 북구 침산남로 175 (침산동),대구광역시 북구 침산3동 145번지 2호 ,35.8876952,128.5948554,053-357-2025,2024-07-31
522,채종구한의원,한의원,영업중,대구광역시 북구 침산로 176 (침산동),,35.89172698,128.5900655,053-354-4143,2024-07-31
523,경찰공제회 대구북부의원,의원,영업중,대구광역시 북구 태암남로 38 (태전동),대구광역시 북구 태전2동 1076번지 1호 ,35.92451029,128.5522019,053-311-0835,2024-07-31
524,김종헌치과의원,치과의원,영업중,대구광역시 북구 노원로 20 (노원동3가),대구광역시 북구 노원동 728번지 (2층) ,35.89106702,128.5652205,053-352-7227,2024-07-31
525,파티마프렌즈치과의원,치과의원,영업중,"대구광역시 북구 침산남로 138, 5층 (침산동)",대구광역시 북구 침산3동 260번지 11호 ,35.88815659,128.5906901,053-354-2875,2024-07-31
526,모영종비뇨기과의원,의원,영업중,대구광역시 북구 검단로 3 (산격동),대구광역시 북구 산격2동 492번지 47호 ,35.89821326,128.6148481,053-381-7200,2024-07-31
527,명신한의원,한의원,영업중,대구광역시 북구 동북로 163 (산격동),,35.89891339,128.612519,053-382-3367,2024-07-31
528,조무상A3한의원,한의원,영업중,대구광역시 북구 대현로 103 (대현동),,35.88247463,128.6104323,053-953-3666,2024-07-31
529,최병하치과의원,치과의원,영업중,대구광역시 북구 팔달로 231 (노원동2가),대구광역시 북구 노원동 257번지 3호 (2층) ,35.88794853,128.5753224,053-357-5009,2024-07-31
530,칠곡연세치과의원,치과의원,영업중,대구광역시 북구 칠곡중앙대로 443 (관음동),대구광역시 북구 관음동 1402번지 4호 ,35.93536174,128.54856,053-327-2875,2024-07-31
531,김종서내과의원,의원,영업중,"대구광역시 북구 고성로28길 1, 1층 (고성동2가)",대구광역시 북구 고성동 111번지 45호 ,35.88113309,128.581904,053-352-5124,2024-07-31
532,류경하한의원,한의원,영업중,대구광역시 북구 산격로9길 2 (산격동),대구광역시 북구 산격4동 1422번지 22호 ,35.89505315,128.6048475,053-956-5510,2024-07-31
533,김제형내과의원,의원,영업중,"대구광역시 북구 대현로 88-1, 2층 (대현동)",대구광역시 북구 대현동 408번지 2호 ,35.88246964,128.6086327,053-954-4288,2024-07-31
534,김영숙치과의원,치과의원,영업중,"대구광역시 북구 동북로 170, 4층 (산격동)",대구광역시 북구 산격3동 1260번지 7호 ,35.8989722,128.6110041,053-955-9508,2024-07-31
535,박성근치과의원,치과의원,영업중,대구광역시 북구 연암로 100-1 (산격동),대구광역시 북구 산격1동 793번지 33호 ,35.89362508,128.594325,053-955-7171,2024-07-31
536,칠곡박한의원,한의원,영업중,대구광역시 북구 동암로 5-3 (읍내동),,35.94728342,128.5519252,053-321-4896,2024-07-31
537,한건호비뇨기과의원,의원,영업중,대구광역시 북구 팔달로 143 (노원동3가),대구광역시 북구 노원동 761번지 7호 ,35.88938664,128.5657267,053-352-6800,2024-07-31
538,현대연합의원,의원,영업중,대구광역시 북구 칠곡중앙대로 504-1 (읍내동),,35.94059094,128.5505094,053-324-0970,2024-07-31
539,진성한의원,한의원,영업중,"대구광역시 북구 옥산로 103, 205동 205호 (칠성동2가, 대우푸르지오1차 상가)",,35.88452151,128.5866897,053-357-5391,2024-07-31
540,고영환치과의원,치과의원,영업중,대구광역시 북구 검단로 3 (산격동),대구광역시 북구 산격2동 492번지 47호 ,35.89821326,128.6148481,053-383-0421,2024-07-31
541,이성우치과의원,치과의원,영업중,"대구광역시 북구 팔달로 179, 2층 (노원동2가)",대구광역시 북구 노원동 382번지 3호 ,35.88879238,128.5697749,053-357-9889,2024-07-31
542,김명효치과의원,치과의원,영업중,대구광역시 북구 대현로 93-1 (대현동),대구광역시 북구 대현동 205번지 16호 ,35.88269964,128.6094377,053-954-3332,2024-07-31
543,녹십자연합의원,의원,영업중,대구광역시 북구 칠곡중앙대로 535 (읍내동),,35.9434956,128.550529,053-314-1001,2024-07-31
544,서춘교치과의원,치과의원,영업중,대구광역시 북구 칠성시장로 41 (칠성동1가),대구광역시 북구 칠성동 267번지 3호 ,35.87755887,128.6029791,053-427-3905,2024-07-31
545,대구광역시북구보건소,보건소,영업중,대구광역시 북구 성북로 49 (침산동),대구광역시 북구 침산3동 521번지 2호 ,35.89187925,128.588897,053-665-3220,2024-07-31
546,최근배치과의원,치과의원,영업중,대구광역시 북구 신암로 24 (칠성동1가),대구광역시 북구 칠성동 125번지 1호 ,35.87455132,128.6058451,053-424-4546,2024-07-31
547,인재의원,의원,영업중,대구광역시 북구 동북로 144 (산격동),대구광역시 북구 산격4동 1207번지 27호 ,35.90038081,128.6085342,053-942-3009,2024-07-31
548,킴스건강내과외과의원,의원,영업중,대구광역시 북구 침산남로 23 (노원동1가),,35.88875981,128.5787412,053-353-1313,2024-07-31
549,김가정의학과-외과의원,의원,영업중,대구광역시 북구 대구체육관로 51-2 (산격동),,35.89268485,128.6049563,053-941-3893,2024-07-31
550,우리내과의원,의원,영업중,대구광역시 북구 칠성로 75 (칠성동2가),대구광역시 북구 칠성동 373번지 15호 ,35.87918031,128.597527,053-425-8209,2024-07-31
551,엔케이라피움한방병원,한방병원,영업중,"대구광역시 북구 동북로 244, 9~11층 (복현동)",대구광역시 북구 복현1동 426번지 7호 ,35.89524169,128.6175114,053-953-1578,2024-07-31
552,센트럴요양병원,요양병원(일반요양병원),영업중,"대구광역시 북구 연암로 111, 지하1층,지상1~6층 (산격동)",대구광역시 북구 산격1동 793번지 62호 ,35.89445218,128.5940442,053-957-8888,2024-07-31
553,새로본한방병원,한방병원,영업중,"대구광역시 북구 칠곡중앙대로 411, 6,7층 (태전동)",대구광역시 북구 태전1동 940번지 우영펠리스 ,35.93252619,128.5479956,053-292-0090,2024-07-31
554,수월한방병원,한방병원,영업중,"대구광역시 북구 침산로 142, 2~4층 (침산동)",대구광역시 북구 침산2동 285번지 10호 2~4층 ,35.8890527,128.5916137,053-354-5000,2024-07-31
555,미래병원,병원,영업중,"대구광역시 북구 신암로 55, 6~10층 (대현동)",대구광역시 북구 대현동 321번지 39호 6~10층 ,35.87742336,128.6068405,053-259-8800,2024-07-31
556,의료법인 대구의료재단 케이병원,병원,영업중,대구광역시 북구 칠곡중앙대로 357(태전동),대구광역시 북구 태전1동 1233번지 ,35.927878,128.546858,053-310-7114,2024-07-31
557,경대자연병원,병원,영업중,"대구광역시 북구 동화천로 241, 4~7층 (연경동)",대구광역시 북구 무태조야동 960번지 1호 4~7층 ,35.94264884,128.617379,053-267-5011,2024-07-31
558,대구서울병원,병원,휴업,대구광역시 북구 대학로 143 (산격동),대구광역시 북구 산격3동 1291번지 19호 ,35.89682044,128.6136496,053-957-0075,2024-07-31
559,새결요양병원,요양병원(일반요양병원),영업중,"대구광역시 북구 학정로 103, 지하1, 1~4층 (태전동)","대구광역시 북구 태전2동 553번지 지하1층, 1~4층 ",35.91727892,128.5504568,053-314-1100,2024-07-31
560,의료법인 효민의료재단 큰사랑병원,병원,영업중,"대구광역시 북구 대현로 46, 지하1층일부,1일부,5층,6층일부,7~8층 (대현동)","대구광역시 북구 대현동 415번지 2호 지하1층일부,1일부,5층,6층일부,7~8층 ",35.88464541,128.6046678,053-951-9119,2024-07-31
561,프라임요양병원,요양병원(일반요양병원),영업중,"대구광역시 북구 신암로 111, 4~8층 (대현동)",,35.88083558,128.6112895,053-952-7775,2024-07-31
562,침산제이병원,병원,영업중,"대구광역시 북구 침산남로 94, 다빈치 타워 1,3,4,6~8층 (침산동)","대구광역시 북구 침산3동 430번지 15호 다빈치 타워 1,3,4,6~8 ",35.88899628,128.5860574,053-353-4900,2024-07-31
563,해피아이병원,병원,영업중,"대구광역시 북구 팔거천동로 213, 3층~6층 (동천동)",,35.94299428,128.557739,053-219-1133,2024-07-31
564,칠성요양병원,요양병원(일반요양병원),영업중,"대구광역시 북구 신암로 27, 2,4층일부,5-7층 (칠성동1가)","대구광역시 북구 칠성동 151번지 3호 2,4층일부,5-7층 ",35.87525907,128.6054013,053-256-3456,2024-07-31
565,문요양병원,요양병원(일반요양병원),영업중,"대구광역시 북구 칠곡중앙대로 215, 지하2층, 1층~7층 (태전동)","대구광역시 북구 태전2동 496번지 15호 지하2층, 1층~7층 ",35.91536628,128.5479968,053-326-6800,2024-07-31
566,칠곡경북대학교병원,종합병원,영업중,"대구광역시 북구 호국로 807, 칠곡경북대학교병원(임상실습동 1~11층 포함) (학정동)",대구광역시 북구 국우동 474번지 칠곡경북대학교병원 ,35.95614602,128.5652788,053-200-2000,2024-07-31
567,척척병원,병원,영업중,"대구광역시 북구 칠곡중앙대로 519, 지하1층~지상5층층 (읍내동)",,35.94213111,128.5502418,053-718-7700,2024-07-31
568,아리채요양병원,요양병원(일반요양병원),영업중,대구광역시 북구 노본길 15-3 (학정동),,35.95893015,128.56642,053-321-0020,2024-07-31
569,무지개아동병원,병원,영업중,"대구광역시 북구 침산로 138 (침산동, 명성프라임)",,35.8888084,128.5918725,053-356-7001,2024-07-31
570,한솔요양병원,요양병원(일반요양병원),영업중,대구광역시 북구 침산로 167 (침산동),대구광역시 북구 침산3동 341번지 5호 ,35.89107851,128.5898899,053-354-5555,2024-07-31
571,햇살요양병원,요양병원(일반요양병원),영업중,대구광역시 북구 팔거천동로 224 (동천동),,35.94388692,128.5587059,053-326-0078,2024-07-31
572,근로복지공단 대구병원,병원,영업중,대구광역시 북구 학정로 515 (학정동),대구광역시 북구 국우동 533번지 ,35.95082607,128.564015,053-715-7575,2024-07-31
573,뉴라이프병원,병원,영업중,대구광역시 북구 공항로 15 (복현동),대구광역시 북구 복현2동 536번지 2호 ,35.89832246,128.6166637,053-384-9119,2024-07-31
574,대구보건대학교병원,병원,영업중,대구광역시 북구 팔거천동로 209 (동천동),,35.94275626,128.5576717,053-320-1900,2024-07-31
575,첨단요양병원,요양병원(일반요양병원),영업중,대구광역시 북구 대현로 19 (대현동),,35.88640902,128.6028873,053-669-1000,2024-07-31
576,의료법인강의료재단 강병원,병원,영업중,대구광역시 북구 노원로 70 (노원동3가),,35.89373251,128.5699421,053-350-5000,2024-07-31
577,의료법인 백산의료재단 K마디병원,병원,영업중,대구광역시 북구 팔달로 217 (노원동2가),대구광역시 북구 노원1.2동 280번지 ,35.88820234,128.5739102,053-341-0119,2024-07-31
578,의료법인 효민의료재단 대구큰사랑요양병원,요양병원(일반요양병원),영업중,"대구광역시 북구 대현로 46, 지하2층,지하1층일부,1층일부,2~4층,6층일부,9층 (대현동)","대구광역시 북구 대현동 415번지 2호 지하2층,지하1층일부,1층일부,2~4층,6층일부,9층 ",35.88464541,128.6046678,053-951-9119,2024-07-31
579,로즈마리병원,병원,영업중,대구광역시 북구 팔거천동로 215 (동천동),,35.94321235,128.5577811,053-210-7777,2024-07-31
580,강북요양병원,요양병원(일반요양병원),영업중,대구광역시 북구 칠곡중앙대로 504-6 (읍내동),대구광역시 북구 읍내동 952번지 ,35.93989522,128.5507637,053-313-6006,2024-07-31
581,대구시티병원,병원,영업중,대구광역시 북구 동북로 270 (복현동),,35.89350468,128.6195752,053-959-7114,2024-07-31
582,대구병원,병원,영업중,대구광역시 북구 칠곡중앙대로 194 (태전동),대구광역시 북구 태전2동 796번지 3호 ,35.91328062,128.5487688,053-311-2001,2024-07-31
583,대구가톨릭대학교 칠곡가톨릭병원,종합병원,영업중,대구광역시 북구 칠곡중앙대로 440 (읍내동),,35.93491669,128.5492912,053-320-2500,2024-07-31
584,M병원,정신병원,영업중,대구광역시 북구 팔달로 147 (노원동3가),대구광역시 북구 노원동 762번지 ,35.88943276,128.5661977,053-359-3771,2024-07-31
585,한성병원,병원,영업중,대구광역시 북구 칠성남로30길 28 (칠성동2가),대구광역시 북구 칠성동 302번지 112호 ,35.8762827,128.5978923,053-422-3114,2024-07-31
586,대구삼선병원,병원,영업중,대구광역시 북구 칠곡중앙대로 448 (읍내동),,35.93565033,128.5492266,053-326-7575,2024-07-31
587,성동병원,정신병원,영업중,대구광역시 북구 칠곡중앙대로99길 21 (관음동),,35.9408698,128.5475311,053-325-0009,2024-07-31
588,의료법인배성의료재단 배성병원,정신병원,영업중,대구광역시 북구 검단로 140 (검단동),,35.90812736,128.622295,053-383-2700,2024-07-31
589,신세계병원,병원,영업중,대구광역시 북구 동북로 196 (산격동),대구광역시 북구 산격3동 1287번지 4호 ,35.89784187,128.6136102,053-954-7771,2024-07-31
590,우리아이아동병원,병원,영업중,"대구광역시 북구 동북로 244, 7층,8층 (복현동)",대구광역시 북구 복현1동 426번지 7호 ,35.89524169,128.6175114,053-953-9900,2024-07-31
591,경대돌담병원,병원,영업중,"대구광역시 북구 호국로 861, 본관동 지상1~5층 (동호동)",대구광역시 북구 국우동 151번지 5호 ,35.9591659,128.5615175,053-716-5600,2024-07-31
592,대구시티요양병원,요양병원(일반요양병원),영업중,"대구광역시 북구 호국로 13, 지하1층,지상1~7층 (산격동)",대구광역시 북구 산격2동 625번지 3호 ,35.90390193,128.6024273,053-242-7000,2024-07-31
